{"type":"FeatureCollection","source":{"dataset":"SGIS administrative boundary derivative","version":"2026-07-01","repository":"https://github.com/vuski/admdongkor","file":"parquet/sgg_20260701.parquet","license":"KOGL Type 1 and CC BY 4.0 attribution"},"features":[
{"type":"Feature","geometry":{"type":"Polygon","coordinates":[[[126.96719305,37.566360857],[126.967134231,37.566301193],[126.967186472,37.566255829],[126.966773537,37.565794369],[126.965812182,37.566669016],[126.961898265,37.570650585],[126.95957074,37.572961223],[126.953923954,37.578490719],[126.953556016,37.578875666],[126.954161749,37.578898749],[126.954809841,37.578924818],[126.954952871,37.578930571],[126.955455143,37.57897007],[126.955557115,37.579086876],[126.955746458,37.579303784],[126.955768556,37.580023951],[126.955769333,37.58004949],[126.955794839,37.580729257],[126.956457604,37.581283257],[126.957001887,37.581583205],[126.957124821,37.581615318],[126.958268825,37.581697188],[126.958777061,37.581618173],[126.960673532,37.580797842],[126.957895319,37.583811413],[126.956893997,37.585420106],[126.957172232,37.586467602],[126.957473528,37.58760184],[126.95792906,37.588793643],[126.957514598,37.59267208],[126.957250172,37.5931447],[126.956765758,37.594010509],[126.95649871,37.594706774],[126.956329139,37.595149822],[126.956312583,37.595477609],[126.956309287,37.595542941],[126.956303457,37.595662369],[126.956612659,37.596536562],[126.956954012,37.597623501],[126.956983391,37.597717809],[126.957041885,37.597905575],[126.957145635,37.598242928],[126.957135378,37.598387096],[126.957100418,37.598458871],[126.957054879,37.598552347],[126.956967126,37.59861382],[126.956883361,37.598632922],[126.956731207,37.598664652],[126.956351037,37.598660648],[126.956214054,37.59859549],[126.956123842,37.598552567],[126.956127097,37.598516213],[126.956132313,37.598457965],[126.955517571,37.598483298],[126.954093262,37.598551079],[126.953974153,37.598666332],[126.95393567,37.598703578],[126.953825857,37.598810104],[126.953508539,37.599118471],[126.952749307,37.600406124],[126.95276271,37.601281207],[126.952765244,37.601444199],[126.952777184,37.602206681],[126.952779637,37.602258519],[126.952801988,37.602694709],[126.952881954,37.602789658],[126.953012144,37.60286893],[126.953081451,37.602911137],[126.953201082,37.603011965],[126.953264828,37.603202668],[126.95351266,37.604265144],[126.953536476,37.60449397],[126.953540433,37.604574162],[126.953542642,37.604619059],[126.953437333,37.605174022],[126.953376322,37.605366284],[126.953121263,37.605597315],[126.950736877,37.608320203],[126.950377043,37.607878593],[126.949983232,37.609705233],[126.950633814,37.61096446],[126.950846611,37.61180036],[126.950936677,37.612359609],[126.950692195,37.614886726],[126.950396243,37.616128069],[126.950331641,37.618361959],[126.951240985,37.622792886],[126.951716344,37.62432855],[126.952171601,37.624822965],[126.952350973,37.624894778],[126.953178355,37.625166763],[126.95675296,37.625365796],[126.957476984,37.626174868],[126.959542227,37.628482584],[126.962341614,37.628850275],[126.967629339,37.629809388],[126.968341975,37.629985325],[126.968819345,37.630103179],[126.96925199,37.630223418],[126.970203682,37.630860893],[126.97178591,37.632285339],[126.975074667,37.631386287],[126.976485543,37.630088996],[126.976354579,37.629271578],[126.97667206,37.628844852],[126.978213356,37.628435936],[126.979524034,37.629202228],[126.980092311,37.629272334],[126.980508194,37.629054465],[126.980496875,37.628645433],[126.980132976,37.628351085],[126.979666456,37.627974784],[126.979483503,37.627160322],[126.979437702,37.626956391],[126.979208687,37.624571215],[126.98017111,37.623552566],[126.980870062,37.622752263],[126.981373613,37.621733774],[126.982084497,37.619922953],[126.981800532,37.619305415],[126.982019193,37.618712745],[126.982805874,37.616693689],[126.983243293,37.616319296],[126.983975644,37.616101673],[126.984540402,37.61587165],[126.985341321,37.615545426],[126.986697032,37.614683792],[126.987068092,37.61355197],[126.98695966,37.610574823],[126.986771698,37.610401057],[126.986271483,37.609938638],[126.985998913,37.608798382],[126.985973727,37.608376895],[126.985957646,37.608107549],[126.985900603,37.607136115],[126.98619441,37.60627839],[126.98658928,37.605125553],[126.987741191,37.601215537],[126.986374684,37.60007954],[126.984908525,37.599438831],[126.982897372,37.599392694],[126.982723906,37.599388716],[126.98267369,37.599378356],[126.982227598,37.599284012],[126.981566563,37.599143655],[126.98156645,37.598038384],[126.981566844,37.597165265],[126.982011425,37.595843316],[126.982193423,37.595633426],[126.982350114,37.595452907],[126.982652314,37.595104773],[126.98268939,37.595065519],[126.983372583,37.594351926],[126.983868097,37.593850469],[126.984011583,37.593755383],[126.984273495,37.593581838],[126.984678766,37.593331232],[126.985225359,37.593057158],[126.985286807,37.593026356],[126.985328725,37.593005727],[126.985759276,37.592794013],[126.98647984,37.592506467],[126.987526229,37.592246804],[126.988760808,37.592104004],[126.98910945,37.591953412],[126.989475791,37.591795018],[126.989075053,37.591394466],[126.989135902,37.591306686],[126.998532153,37.592506461],[126.998745176,37.592516379],[126.998974156,37.592471158],[126.999372004,37.592366812],[127.000624524,37.592453365],[127.000785995,37.592445034],[127.000942198,37.59239266],[127.001559765,37.591918765],[127.001581289,37.591889634],[127.001681226,37.591752529],[127.001911842,37.59124875],[127.001786991,37.590861772],[127.001698104,37.590602261],[127.001658251,37.590101846],[127.002337818,37.589153795],[127.002385631,37.589103999],[127.002430491,37.589057292],[127.003419878,37.58835503],[127.004194819,37.587950483],[127.004186195,37.587770106],[127.004183557,37.587713544],[127.004163894,37.587290064],[127.004299746,37.587086706],[127.004609216,37.586995229],[127.004703209,37.586985871],[127.005124684,37.586945952],[127.005540833,37.586961216],[127.005608612,37.586952487],[127.005735668,37.586936118],[127.005933353,37.586909906],[127.006527493,37.586128221],[127.00714993,37.584058945],[127.00735494,37.58336334],[127.007332538,37.583203339],[127.008841321,37.580452636],[127.009965431,37.580208356],[127.010480068,37.580335481],[127.012155023,37.581505178],[127.012801223,37.581317483],[127.013122384,37.581439318],[127.01382779,37.581708123],[127.014685883,37.582226547],[127.014950498,37.582130731],[127.016067302,37.581840133],[127.01639007,37.581842583],[127.016786331,37.581536621],[127.017604519,37.579688801],[127.018005509,37.578058182],[127.018751668,37.577526899],[127.022508747,37.578096431],[127.023167883,37.57804158],[127.023368121,37.571739854],[127.018818534,37.570984519],[127.017513374,37.570291013],[127.017278339,37.570202432],[127.017137346,37.570149541],[127.017000344,37.570102787],[127.016869685,37.570059438],[127.016740986,37.570019504],[127.016641545,37.56998865],[127.016380174,37.569912092],[127.016176662,37.56986281],[127.016005639,37.569823802],[127.015865413,37.569815313],[127.015762971,37.569809287],[127.01566542,37.569808598],[127.015375857,37.569806571],[127.011615758,37.569782062],[127.011285951,37.569781824],[127.010104011,37.569782559],[127.009585231,37.569783785],[127.006683613,37.56964776],[127.001622248,37.569591574],[126.998349105,37.568950887],[126.998297388,37.568940915],[126.997924069,37.568886374],[126.996976623,37.568749392],[126.996796667,37.568723892],[126.996696625,37.568709891],[126.99086878,37.568243242],[126.990592036,37.568224012],[126.989516239,37.568149519],[126.988898315,37.568108539],[126.986861187,37.568201103],[126.986787299,37.568204595],[126.986599242,37.568213485],[126.985717004,37.568376394],[126.984422327,37.568615237],[126.983970293,37.568687623],[126.982731809,37.568885006],[126.982692138,37.568890466],[126.977802717,37.569249758],[126.977584081,37.569240904],[126.977034498,37.56919453],[126.975974727,37.569336299],[126.975374709,37.569315572],[126.974331934,37.569261801],[126.969048372,37.568194415],[126.96801027,37.567182514],[126.967925216,37.567096954],[126.967335681,37.566503769],[126.967297465,37.566465551],[126.96719305,37.566360857]]]},"properties":{"SIG_CD":"11110","SIG_KOR_NM":"종로구","SIG_ENG_NM":"Jongno-gu","ESRI_PK":6,"SHAPE_AREA":0.002437778,"SHAPE_LEN":0.275269141}},
{"type":"Feature","geometry":{"type":"Polygon","coordinates":[[[127.003892498,37.550196225],[127.00268441,37.549600759],[127.000253158,37.549508245],[127.000216956,37.549514699],[126.999950678,37.549562172],[126.999868386,37.549594498],[126.999807181,37.549618818],[126.999366887,37.549791778],[126.999104315,37.549890931],[126.998856339,37.549908248],[126.998521776,37.549931299],[126.997743065,37.549357886],[126.995320555,37.54723727],[126.993194105,37.549055623],[126.992359972,37.550093126],[126.987811416,37.551491981],[126.985427093,37.553744424],[126.984875255,37.55330444],[126.98446914,37.553093104],[126.984147244,37.553067704],[126.98374355,37.553035853],[126.983067444,37.553403646],[126.982565792,37.553595167],[126.981480197,37.553923904],[126.980839105,37.553925593],[126.979829377,37.553415267],[126.97841458,37.554273194],[126.97715435,37.554981939],[126.977050799,37.555016407],[126.976956618,37.5550466],[126.976925981,37.555056415],[126.976733723,37.555026269],[126.976628027,37.554962706],[126.9765785,37.55486323],[126.976563226,37.55461403],[126.976554358,37.554468891],[126.976495061,37.553242866],[126.976490101,37.553134611],[126.976658657,37.552708344],[126.972362317,37.554391104],[126.969072715,37.55389693],[126.96848897,37.555383764],[126.965720017,37.55411165],[126.965201828,37.553747638],[126.964849138,37.553494789],[126.962386873,37.55150399],[126.962136219,37.551922003],[126.962068576,37.552079431],[126.961707253,37.552966387],[126.961661838,37.553341718],[126.961702703,37.555342933],[126.961838038,37.555406608],[126.961984197,37.555352067],[126.962020869,37.55533783],[126.962050183,37.555326454],[126.962927111,37.55622662],[126.963098066,37.556422981],[126.963215918,37.557150255],[126.96303662,37.558182583],[126.961483485,37.558853773],[126.9620679,37.559260917],[126.963609503,37.559309618],[126.963658245,37.559322233],[126.963710407,37.559336531],[126.963758534,37.559349729],[126.963874164,37.559408841],[126.964182151,37.559567416],[126.964328285,37.559650129],[126.965238017,37.560171032],[126.965538592,37.560383831],[126.966187471,37.560845705],[126.966535019,37.5610805],[126.96661249,37.561132677],[126.966901427,37.561306383],[126.967381938,37.561495554],[126.967922279,37.561643342],[126.968081959,37.561678989],[126.968899446,37.561860685],[126.969592466,37.562013622],[126.966773537,37.565794369],[126.967186472,37.566255829],[126.967134231,37.566301193],[126.96719305,37.566360857],[126.967297465,37.566465551],[126.967335681,37.566503769],[126.967925216,37.567096954],[126.96801027,37.567182514],[126.969048372,37.568194415],[126.974331934,37.569261801],[126.975374709,37.569315572],[126.975974727,37.569336299],[126.977034498,37.56919453],[126.977584081,37.569240904],[126.977802717,37.569249758],[126.982692138,37.568890466],[126.982731809,37.568885006],[126.983970293,37.568687623],[126.984422327,37.568615237],[126.985717004,37.568376394],[126.986599242,37.568213485],[126.986787299,37.568204595],[126.986861187,37.568201103],[126.988898315,37.568108539],[126.989516239,37.568149519],[126.990592036,37.568224012],[126.99086878,37.568243242],[126.996696625,37.568709891],[126.996796667,37.568723892],[126.996976623,37.568749392],[126.997924069,37.568886374],[126.998297388,37.568940915],[126.998349105,37.568950887],[127.001622248,37.569591574],[127.006683613,37.56964776],[127.009585231,37.569783785],[127.010104011,37.569782559],[127.011285951,37.569781824],[127.011615758,37.569782062],[127.015375857,37.569806571],[127.01566542,37.569808598],[127.015762971,37.569809287],[127.015865413,37.569815313],[127.016005639,37.569823802],[127.016176662,37.56986281],[127.016380174,37.569912092],[127.016641545,37.56998865],[127.016740986,37.570019504],[127.016869685,37.570059438],[127.017000344,37.570102787],[127.017137346,37.570149541],[127.017278339,37.570202432],[127.017513374,37.570291013],[127.018818534,37.570984519],[127.023368121,37.571739854],[127.023597748,37.56580425],[127.023615247,37.56516887],[127.026705494,37.564989762],[127.026756805,37.564289052],[127.026707553,37.563882238],[127.026591248,37.563584327],[127.026499114,37.563387418],[127.026481582,37.563355783],[127.026395483,37.563207228],[127.026265206,37.562993762],[127.023529888,37.560730112],[127.023494979,37.560717974],[127.02333488,37.560744368],[127.022857145,37.55786826],[127.021824291,37.55770941],[127.019370885,37.557499214],[127.019463902,37.557339603],[127.018906907,37.557134531],[127.018768608,37.557073126],[127.018588684,37.556991271],[127.018365856,37.556869807],[127.018004232,37.556655387],[127.017924132,37.556600474],[127.017880239,37.556570379],[127.01741144,37.555982659],[127.016306136,37.553011496],[127.013207621,37.54994423],[127.011657646,37.548511523],[127.011479968,37.548416146],[127.010867052,37.548118416],[127.010813242,37.548098147],[127.010782356,37.548086518],[127.01068194,37.548078215],[127.008606035,37.543979714],[127.00725814,37.543810736],[127.004842604,37.546182263],[127.005305741,37.547712174],[127.005307596,37.547738095],[127.005310089,37.547770221],[127.00531346,37.547813527],[127.00589441,37.548204622],[127.005783589,37.548225664],[127.005736617,37.548234508],[127.005541118,37.54826749],[127.005421499,37.548285287],[127.005320148,37.548300365],[127.004715595,37.548347405],[127.004630788,37.548563527],[127.004470189,37.548972814],[127.0043874,37.549186538],[127.004378546,37.549562814],[127.004402247,37.549664424],[127.004225278,37.550375639],[127.003892498,37.550196225]]]},"properties":{"SIG_CD":"11140","SIG_KOR_NM":"중구","SIG_ENG_NM":"Jung-gu","ESRI_PK":11,"SHAPE_AREA":0.001026601,"SHAPE_LEN":0.182900451}},
{"type":"Feature","geometry":{"type":"Polygon","coordinates":[[[126.980131725,37.50649275],[126.974054746,37.507332872],[126.965849798,37.51051344],[126.961741803,37.512834699],[126.95719816,37.515413952],[126.94956205,37.517813555],[126.949615369,37.521163185],[126.949653741,37.526755777],[126.948643738,37.528547775],[126.944670251,37.533752152],[126.945081515,37.5349349],[126.94543276,37.535192362],[126.946051968,37.535595107],[126.94618614,37.535653279],[126.946395536,37.535742169],[126.947810605,37.535622569],[126.949421704,37.535870085],[126.950758335,37.536117421],[126.951126913,37.53621265],[126.951310243,37.536294623],[126.952234664,37.536803671],[126.952826098,37.537284129],[126.952968463,37.537425786],[126.952985452,37.537518866],[126.952994744,37.537570124],[126.95301355,37.537674831],[126.953009757,37.537806636],[126.953008125,37.537847216],[126.953843086,37.538489886],[126.956400904,37.540584978],[126.956507535,37.540704853],[126.957700253,37.542082642],[126.957803294,37.542898836],[126.958629337,37.545581887],[126.961620498,37.54769696],[126.962934448,37.548780047],[126.963199625,37.54867748],[126.963686689,37.548903165],[126.96394265,37.549802684],[126.962386873,37.55150399],[126.964849138,37.553494789],[126.965201828,37.553747638],[126.965720017,37.55411165],[126.96848897,37.555383764],[126.969072715,37.55389693],[126.972362317,37.554391104],[126.976658657,37.552708344],[126.976490101,37.553134611],[126.976495061,37.553242866],[126.976554358,37.554468891],[126.976563226,37.55461403],[126.9765785,37.55486323],[126.976628027,37.554962706],[126.976733723,37.555026269],[126.976925981,37.555056415],[126.976956618,37.5550466],[126.977050799,37.555016407],[126.97715435,37.554981939],[126.97841458,37.554273194],[126.979829377,37.553415267],[126.980839105,37.553925593],[126.981480197,37.553923904],[126.982565792,37.553595167],[126.983067444,37.553403646],[126.98374355,37.553035853],[126.984147244,37.553067704],[126.98446914,37.553093104],[126.984875255,37.55330444],[126.985427093,37.553744424],[126.987811416,37.551491981],[126.992359972,37.550093126],[126.993194105,37.549055623],[126.995320555,37.54723727],[126.997743065,37.549357886],[126.998521776,37.549931299],[126.998856339,37.549908248],[126.999104315,37.549890931],[126.999366887,37.549791778],[126.999807181,37.549618818],[126.999868386,37.549594498],[126.999950678,37.549562172],[127.000216956,37.549514699],[127.000253158,37.549508245],[127.00268441,37.549600759],[127.003892498,37.550196225],[127.004225278,37.550375639],[127.004402247,37.549664424],[127.004378546,37.549562814],[127.0043874,37.549186538],[127.004470189,37.548972814],[127.004630788,37.548563527],[127.004715595,37.548347405],[127.005320148,37.548300365],[127.005421499,37.548285287],[127.005541118,37.54826749],[127.005736617,37.548234508],[127.005783589,37.548225664],[127.00589441,37.548204622],[127.00531346,37.547813527],[127.005310089,37.547770221],[127.005307596,37.547738095],[127.005305741,37.547712174],[127.004842604,37.546182263],[127.00725814,37.543810736],[127.008606035,37.543979714],[127.008577175,37.543889053],[127.008425161,37.542864666],[127.008336959,37.541859292],[127.00932276,37.539677479],[127.009471148,37.539576828],[127.00992598,37.539371406],[127.011533038,37.538981469],[127.011764688,37.539042142],[127.012125699,37.539150705],[127.01213661,37.539185651],[127.01288989,37.539313814],[127.014789262,37.538901378],[127.015763739,37.538305979],[127.017194226,37.537424004],[127.020924409,37.535119357],[127.020181905,37.534642005],[127.020059302,37.534562621],[127.019512571,37.534105214],[127.018222147,37.533022839],[127.017038226,37.532028921],[127.016374535,37.53147172],[127.015457088,37.530701809],[127.012609175,37.528312769],[127.011868114,37.527841004],[127.007972175,37.524588977],[127.004427431,37.520261175],[127.000387319,37.517949079],[126.995941489,37.515742141],[126.990616669,37.513025434],[126.985677357,37.506631941],[126.980734379,37.506568528],[126.980131725,37.50649275]]]},"properties":{"SIG_CD":"11170","SIG_KOR_NM":"용산구","SIG_ENG_NM":"Yongsan-gu","ESRI_PK":24,"SHAPE_AREA":0.002264039,"SHAPE_LEN":0.210667866}},
{"type":"Feature","geometry":{"type":"Polygon","coordinates":[[[127.021564918,37.535530969],[127.020924409,37.535119357],[127.017194226,37.537424004],[127.015763739,37.538305979],[127.014789262,37.538901378],[127.01288989,37.539313814],[127.01213661,37.539185651],[127.012125699,37.539150705],[127.011764688,37.539042142],[127.011533038,37.538981469],[127.00992598,37.539371406],[127.009471148,37.539576828],[127.00932276,37.539677479],[127.008336959,37.541859292],[127.008425161,37.542864666],[127.008577175,37.543889053],[127.008606035,37.543979714],[127.01068194,37.548078215],[127.010782356,37.548086518],[127.010813242,37.548098147],[127.010867052,37.548118416],[127.011479968,37.548416146],[127.011657646,37.548511523],[127.013207621,37.54994423],[127.016306136,37.553011496],[127.01741144,37.555982659],[127.017880239,37.556570379],[127.017924132,37.556600474],[127.018004232,37.556655387],[127.018365856,37.556869807],[127.018588684,37.556991271],[127.018768608,37.557073126],[127.018906907,37.557134531],[127.019463902,37.557339603],[127.019370885,37.557499214],[127.021824291,37.55770941],[127.022857145,37.55786826],[127.02333488,37.560744368],[127.023494979,37.560717974],[127.023529888,37.560730112],[127.026265206,37.562993762],[127.026395483,37.563207228],[127.026481582,37.563355783],[127.026499114,37.563387418],[127.026591248,37.563584327],[127.026707553,37.563882238],[127.026756805,37.564289052],[127.026705494,37.564989762],[127.023615247,37.56516887],[127.023597748,37.56580425],[127.023368121,37.571739854],[127.030357084,37.569819286],[127.032310811,37.570144154],[127.034761656,37.571752604],[127.035101523,37.571957873],[127.03545151,37.57212938],[127.036373094,37.572459742],[127.036478168,37.572497083],[127.036533411,37.572516706],[127.03792748,37.572898483],[127.037984787,37.572903214],[127.038650476,37.572955392],[127.042180463,37.573020962],[127.048657258,37.569866396],[127.056837386,37.563766011],[127.057774605,37.563019097],[127.058143409,37.56276134],[127.058203099,37.562719876],[127.058707095,37.562458116],[127.059053304,37.562311813],[127.059388514,37.562231384],[127.063307138,37.561483725],[127.065504188,37.561147362],[127.065545711,37.561345704],[127.068916354,37.560868833],[127.069690861,37.560753419],[127.070707324,37.56058361],[127.07210166,37.560045607],[127.07369805,37.55943959],[127.067498959,37.548311264],[127.063943396,37.542150942],[127.06282631,37.54018625],[127.056566563,37.529101174],[127.049058422,37.532552153],[127.046668706,37.533999728],[127.04030827,37.535897205],[127.035901091,37.535838189],[127.021564918,37.535530969]]]},"properties":{"SIG_CD":"11200","SIG_KOR_NM":"성동구","SIG_ENG_NM":"Seongdong-gu","ESRI_PK":20,"SHAPE_AREA":0.001705576,"SHAPE_LEN":0.184493032}},
{"type":"Feature","geometry":{"type":"Polygon","coordinates":[[[127.066961858,37.525081394],[127.065264905,37.525603516],[127.060252001,37.527521809],[127.056566563,37.529101174],[127.06282631,37.54018625],[127.063943396,37.542150942],[127.067498959,37.548311264],[127.07369805,37.55943959],[127.07210166,37.560045607],[127.07584813,37.566636732],[127.076859168,37.568438553],[127.077777041,37.570078916],[127.078200353,37.570944598],[127.078575964,37.571860809],[127.080983062,37.571610239],[127.086165063,37.570820684],[127.086716687,37.57083839],[127.086834875,37.570838804],[127.086884127,37.570838102],[127.08695727,37.570838105],[127.08700474,37.570838271],[127.087036845,37.57083805],[127.087127542,37.570837574],[127.087183122,37.570839463],[127.087230503,37.570841314],[127.087546846,37.570844673],[127.087590024,37.570844824],[127.087899371,37.570833511],[127.088009804,37.57082939],[127.088054554,37.570827851],[127.088160112,37.570818476],[127.088296348,37.570389413],[127.088325883,37.570296434],[127.088395834,37.570075865],[127.088710816,37.570126528],[127.088761224,37.570135933],[127.0889222,37.570167825],[127.088982958,37.570181493],[127.089085804,37.57018132],[127.089185003,37.570156337],[127.089310313,37.570119601],[127.089581515,37.569966188],[127.089768809,37.569884591],[127.089858768,37.5698038],[127.089902524,37.5697645],[127.089999529,37.569699742],[127.090099066,37.569675048],[127.090232078,37.569645801],[127.090351327,37.569619589],[127.090461088,37.569607576],[127.090720998,37.569578057],[127.090765749,37.569576166],[127.091170411,37.569559334],[127.091211634,37.569562803],[127.09145843,37.569585118],[127.091803465,37.569648279],[127.091950337,37.569708438],[127.092075335,37.569759634],[127.092226722,37.569828552],[127.092312157,37.56987103],[127.092401959,37.56995568],[127.09248612,37.570096806],[127.092533418,37.570246819],[127.092631623,37.570410527],[127.092692,37.57039663],[127.092781141,37.570376116],[127.092923188,37.570355586],[127.093085714,37.570332099],[127.093229733,37.570319742],[127.093313015,37.570312601],[127.093453049,37.570331111],[127.093654449,37.570387012],[127.093804145,37.570405212],[127.093931004,37.570420637],[127.093978316,37.570428876],[127.094094018,37.570449032],[127.094188383,37.570465463],[127.094279708,37.570501489],[127.094319034,37.570516613],[127.094428335,37.570553998],[127.094571941,37.57060311],[127.094772119,37.570728202],[127.094957218,37.570816989],[127.095098404,37.570884336],[127.095146704,37.570904935],[127.095308831,37.570974065],[127.095443249,37.571030563],[127.095507729,37.571051326],[127.095650253,37.571095629],[127.09575112,37.571103563],[127.10093021,37.573559796],[127.101636975,37.572558296],[127.102933178,37.572372261],[127.102974264,37.572365639],[127.103076367,37.572331055],[127.103162916,37.572293039],[127.103263051,37.572228028],[127.103685702,37.571941015],[127.103834761,37.571834579],[127.103974178,37.571729039],[127.10399553,37.571706577],[127.10401197,37.571675085],[127.104186805,37.571099348],[127.104190094,37.571051497],[127.104183506,37.570995285],[127.104159638,37.570921826],[127.104066147,37.57079983],[127.103982503,37.570691388],[127.103945166,37.570657462],[127.103900799,37.570616752],[127.103832602,37.570529769],[127.103798244,37.5704829],[127.103748989,37.570415692],[127.103496269,37.57002501],[127.103429031,37.569893926],[127.10338486,37.569786472],[127.103372978,37.569748602],[127.103341843,37.569649304],[127.101092518,37.560909887],[127.101080969,37.56082084],[127.101080603,37.560755616],[127.101146079,37.560023363],[127.104246389,37.559876059],[127.108960386,37.559823687],[127.110022198,37.55845873],[127.111465013,37.558888754],[127.113769178,37.558885489],[127.11389689,37.558598799],[127.11389426,37.556661955],[127.113892166,37.555123654],[127.113889394,37.553330367],[127.11335708,37.552031046],[127.113342981,37.551996632],[127.113070432,37.551331189],[127.112444475,37.549507275],[127.112223303,37.548341576],[127.112071859,37.547545607],[127.11156851,37.546509648],[127.110886522,37.545474847],[127.109564377,37.543469981],[127.104158226,37.53600341],[127.1032018,37.534665067],[127.09895717,37.527953653],[127.09811754,37.527558708],[127.092250742,37.526786029],[127.090437874,37.526002273],[127.088519622,37.525490863],[127.087594316,37.525245378],[127.085590417,37.524742618],[127.084285076,37.524420302],[127.083421338,37.524311349],[127.082364636,37.524178047],[127.079890077,37.523866189],[127.077580184,37.52357515],[127.076946955,37.523593173],[127.072854602,37.523712511],[127.072576923,37.523776864],[127.066961858,37.525081394]]]},"properties":{"SIG_CD":"11215","SIG_KOR_NM":"광진구","SIG_ENG_NM":"Gwangjin-gu","ESRI_PK":13,"SHAPE_AREA":0.00179892,"SHAPE_LEN":0.182776561}},
{"type":"Feature","geometry":{"type":"Polygon","coordinates":[[[127.048657258,37.569866396],[127.042180463,37.573020962],[127.038650476,37.572955392],[127.037984787,37.572903214],[127.03792748,37.572898483],[127.036533411,37.572516706],[127.036478168,37.572497083],[127.036373094,37.572459742],[127.03545151,37.57212938],[127.035101523,37.571957873],[127.034761656,37.571752604],[127.032310811,37.570144154],[127.030357084,37.569819286],[127.023368121,37.571739854],[127.023167883,37.57804158],[127.024472329,37.579197348],[127.029499045,37.582724791],[127.031678023,37.585071332],[127.03638868,37.589923394],[127.036488312,37.59124586],[127.039062753,37.591270147],[127.040753805,37.595800301],[127.04351743,37.596906182],[127.047647395,37.596287636],[127.047766939,37.596660025],[127.048158001,37.597556107],[127.05027341,37.601105343],[127.051008856,37.601569388],[127.051327383,37.601626501],[127.052029947,37.599952678],[127.057255964,37.601252299],[127.060045631,37.602099855],[127.060773366,37.603569503],[127.061668508,37.604629656],[127.062139951,37.605136159],[127.0623346,37.605281105],[127.06497294,37.605874471],[127.066246396,37.605820571],[127.068101148,37.606507897],[127.068734388,37.606871138],[127.068588262,37.609322465],[127.068873236,37.609329807],[127.069355213,37.609331567],[127.071717759,37.606811752],[127.072316518,37.60465634],[127.072438855,37.604063843],[127.07270094,37.602792986],[127.07272065,37.602442741],[127.072709594,37.602270319],[127.072653495,37.601679735],[127.072628733,37.601604139],[127.072611742,37.601552269],[127.072464282,37.601111572],[127.07198508,37.600324169],[127.07180306,37.600073845],[127.071616264,37.599816951],[127.06982967,37.597748635],[127.069626093,37.594882732],[127.070354998,37.592475396],[127.070720078,37.590911781],[127.071625548,37.587947387],[127.073675598,37.585354423],[127.077229208,37.580982095],[127.078318178,37.576783507],[127.078644509,37.572632834],[127.078575964,37.571860809],[127.078200353,37.570944598],[127.077777041,37.570078916],[127.076859168,37.568438553],[127.07584813,37.566636732],[127.07210166,37.560045607],[127.070707324,37.56058361],[127.069690861,37.560753419],[127.068916354,37.560868833],[127.065545711,37.561345704],[127.065504188,37.561147362],[127.063307138,37.561483725],[127.059388514,37.562231384],[127.059053304,37.562311813],[127.058707095,37.562458116],[127.058203099,37.562719876],[127.058143409,37.56276134],[127.057774605,37.563019097],[127.056837386,37.563766011],[127.048657258,37.569866396]]]},"properties":{"SIG_CD":"11230","SIG_KOR_NM":"동대문구","SIG_ENG_NM":"Dongdaemun-gu","ESRI_PK":2,"SHAPE_AREA":0.001483011,"SHAPE_LEN":0.179448428}},
{"type":"Feature","geometry":{"type":"Polygon","coordinates":[[[127.095146704,37.570904935],[127.095098404,37.570884336],[127.094957218,37.570816989],[127.094772119,37.570728202],[127.094571941,37.57060311],[127.094428335,37.570553998],[127.094319034,37.570516613],[127.094279708,37.570501489],[127.094188383,37.570465463],[127.094094018,37.570449032],[127.093978316,37.570428876],[127.093931004,37.570420637],[127.093804145,37.570405212],[127.093654449,37.570387012],[127.093453049,37.570331111],[127.093313015,37.570312601],[127.093229733,37.570319742],[127.093085714,37.570332099],[127.092923188,37.570355586],[127.092781141,37.570376116],[127.092692,37.57039663],[127.092631623,37.570410527],[127.092533418,37.570246819],[127.09248612,37.570096806],[127.092401959,37.56995568],[127.092312157,37.56987103],[127.092226722,37.569828552],[127.092075335,37.569759634],[127.091950337,37.569708438],[127.091803465,37.569648279],[127.09145843,37.569585118],[127.091211634,37.569562803],[127.091170411,37.569559334],[127.090765749,37.569576166],[127.090720998,37.569578057],[127.090461088,37.569607576],[127.090351327,37.569619589],[127.090232078,37.569645801],[127.090099066,37.569675048],[127.089999529,37.569699742],[127.089902524,37.5697645],[127.089858768,37.5698038],[127.089768809,37.569884591],[127.089581515,37.569966188],[127.089310313,37.570119601],[127.089185003,37.570156337],[127.089085804,37.57018132],[127.088982958,37.570181493],[127.0889222,37.570167825],[127.088761224,37.570135933],[127.088710816,37.570126528],[127.088395834,37.570075865],[127.088325883,37.570296434],[127.088296348,37.570389413],[127.088160112,37.570818476],[127.088054554,37.570827851],[127.088009804,37.57082939],[127.087899371,37.570833511],[127.087590024,37.570844824],[127.087546846,37.570844673],[127.087230503,37.570841314],[127.087183122,37.570839463],[127.087127542,37.570837574],[127.087036845,37.57083805],[127.08700474,37.570838271],[127.08695727,37.570838105],[127.086884127,37.570838102],[127.086834875,37.570838804],[127.086716687,37.57083839],[127.086165063,37.570820684],[127.080983062,37.571610239],[127.078575964,37.571860809],[127.078644509,37.572632834],[127.078318178,37.576783507],[127.077229208,37.580982095],[127.073675598,37.585354423],[127.071625548,37.587947387],[127.070720078,37.590911781],[127.070354998,37.592475396],[127.069626093,37.594882732],[127.06982967,37.597748635],[127.071616264,37.599816951],[127.07180306,37.600073845],[127.07198508,37.600324169],[127.072464282,37.601111572],[127.072611742,37.601552269],[127.072628733,37.601604139],[127.072653495,37.601679735],[127.072709594,37.602270319],[127.07272065,37.602442741],[127.07270094,37.602792986],[127.072438855,37.604063843],[127.072316518,37.60465634],[127.071717759,37.606811752],[127.071458739,37.614280279],[127.071403143,37.615627972],[127.075849241,37.617078306],[127.081637232,37.619250942],[127.082445765,37.619295493],[127.084150371,37.619632692],[127.085727751,37.620167842],[127.087973081,37.619887103],[127.089543001,37.619643669],[127.092435749,37.618279229],[127.092607507,37.618211095],[127.093046806,37.618041355],[127.096148157,37.61710222],[127.096815539,37.617053802],[127.096950834,37.61705147],[127.097041797,37.617049906],[127.100499005,37.618881409],[127.10144688,37.619755537],[127.101507533,37.619803062],[127.101550916,37.619814601],[127.10182508,37.619887508],[127.10502345,37.620683552],[127.105710367,37.620833435],[127.105818891,37.620779798],[127.106042111,37.620640763],[127.10613794,37.62059827],[127.107350216,37.620500927],[127.108752029,37.620460498],[127.109083881,37.620520185],[127.109511751,37.620635396],[127.109829381,37.620706301],[127.110011227,37.620742027],[127.110115213,37.620762453],[127.110241378,37.620773659],[127.110391997,37.620787027],[127.110644831,37.620788988],[127.110851696,37.620777277],[127.110979287,37.620756291],[127.111340298,37.620654953],[127.11147795,37.620605832],[127.112737127,37.620070293],[127.113829394,37.619486873],[127.113945163,37.619428664],[127.113994767,37.619418686],[127.115674586,37.619294601],[127.116968151,37.617430773],[127.116670561,37.615768459],[127.116925842,37.61435818],[127.11730822,37.612925481],[127.117586686,37.611706992],[127.116796453,37.609905074],[127.11661509,37.608821898],[127.117136617,37.60860716],[127.117900935,37.608140938],[127.118178177,37.607790311],[127.118207177,37.607753503],[127.118317165,37.607613871],[127.118375028,37.607376329],[127.118275832,37.606279747],[127.118011212,37.604577601],[127.116890561,37.603149843],[127.115223607,37.601258444],[127.114282339,37.600351682],[127.113831926,37.599963685],[127.113846849,37.599818256],[127.113892243,37.599524548],[127.113962732,37.599420817],[127.115957773,37.597279048],[127.115999747,37.597240877],[127.116499364,37.596781472],[127.11801802,37.59534453],[127.118365653,37.595015527],[127.117823834,37.594005329],[127.115354866,37.593504948],[127.113905753,37.593342787],[127.11239976,37.591863779],[127.110143338,37.587416192],[127.109839221,37.585965901],[127.109527715,37.585069481],[127.109328089,37.58466434],[127.106031972,37.584564377],[127.102665584,37.584104673],[127.099750485,37.583051514],[127.100472247,37.582573991],[127.102768637,37.58176264],[127.102764557,37.581064081],[127.102745417,37.579603832],[127.102725979,37.579399836],[127.102678236,37.578912947],[127.102671644,37.578303613],[127.101255293,37.57498052],[127.10093021,37.573559796],[127.09575112,37.571103563],[127.095650253,37.571095629],[127.095507729,37.571051326],[127.095443249,37.571030563],[127.095308831,37.570974065],[127.095146704,37.570904935]]]},"properties":{"SIG_CD":"11260","SIG_KOR_NM":"중랑구","SIG_ENG_NM":"Jungnang-gu","ESRI_PK":8,"SHAPE_AREA":0.00183443,"SHAPE_LEN":0.184516754}},
{"type":"Feature","geometry":{"type":"Polygon","coordinates":[[[127.017604519,37.579688801],[127.016786331,37.581536621],[127.01639007,37.581842583],[127.016067302,37.581840133],[127.014950498,37.582130731],[127.014685883,37.582226547],[127.01382779,37.581708123],[127.013122384,37.581439318],[127.012801223,37.581317483],[127.012155023,37.581505178],[127.010480068,37.580335481],[127.009965431,37.580208356],[127.008841321,37.580452636],[127.007332538,37.583203339],[127.00735494,37.58336334],[127.00714993,37.584058945],[127.006527493,37.586128221],[127.005933353,37.586909906],[127.005735668,37.586936118],[127.005608612,37.586952487],[127.005540833,37.586961216],[127.005124684,37.586945952],[127.004703209,37.586985871],[127.004609216,37.586995229],[127.004299746,37.587086706],[127.004163894,37.587290064],[127.004183557,37.587713544],[127.004186195,37.587770106],[127.004194819,37.587950483],[127.003419878,37.58835503],[127.002430491,37.589057292],[127.002385631,37.589103999],[127.002337818,37.589153795],[127.001658251,37.590101846],[127.001698104,37.590602261],[127.001786991,37.590861772],[127.001911842,37.59124875],[127.001681226,37.591752529],[127.001581289,37.591889634],[127.001559765,37.591918765],[127.000942198,37.59239266],[127.000785995,37.592445034],[127.000624524,37.592453365],[126.999372004,37.592366812],[126.998974156,37.592471158],[126.998745176,37.592516379],[126.998532153,37.592506461],[126.989135902,37.591306686],[126.989075053,37.591394466],[126.989475791,37.591795018],[126.98910945,37.591953412],[126.988760808,37.592104004],[126.987526229,37.592246804],[126.98647984,37.592506467],[126.985759276,37.592794013],[126.985328725,37.593005727],[126.985286807,37.593026356],[126.985225359,37.593057158],[126.984678766,37.593331232],[126.984273495,37.593581838],[126.984011583,37.593755383],[126.983868097,37.593850469],[126.983372583,37.594351926],[126.98268939,37.595065519],[126.982652314,37.595104773],[126.982350114,37.595452907],[126.982193423,37.595633426],[126.982011425,37.595843316],[126.981566844,37.597165265],[126.98156645,37.598038384],[126.981566563,37.599143655],[126.982227598,37.599284012],[126.98267369,37.599378356],[126.982723906,37.599388716],[126.982897372,37.599392694],[126.984908525,37.599438831],[126.986374684,37.60007954],[126.987741191,37.601215537],[126.98658928,37.605125553],[126.98619441,37.60627839],[126.985900603,37.607136115],[126.985957646,37.608107549],[126.985973727,37.608376895],[126.985998913,37.608798382],[126.986271483,37.609938638],[126.986771698,37.610401057],[126.98695966,37.610574823],[126.987068092,37.61355197],[126.986697032,37.614683792],[126.985341321,37.615545426],[126.984540402,37.61587165],[126.983975644,37.616101673],[126.983243293,37.616319296],[126.982805874,37.616693689],[126.982019193,37.618712745],[126.981800532,37.619305415],[126.982084497,37.619922953],[126.981373613,37.621733774],[126.980870062,37.622752263],[126.98017111,37.623552566],[126.979208687,37.624571215],[126.979437702,37.626956391],[126.979483503,37.627160322],[126.979666456,37.627974784],[126.980132976,37.628351085],[126.980496875,37.628645433],[126.980508194,37.629054465],[126.980092311,37.629272334],[126.979524034,37.629202228],[126.978213356,37.628435936],[126.97667206,37.628844852],[126.976354579,37.629271578],[126.976485543,37.630088996],[126.975074667,37.631386287],[126.976717088,37.632625034],[126.978535129,37.633849887],[126.983594785,37.636454471],[126.983657276,37.636463352],[126.984625385,37.636564875],[126.984946195,37.636170824],[126.985216796,37.635863297],[126.985603619,37.635444736],[126.986055959,37.635195451],[126.991824961,37.632308111],[126.993194308,37.632027718],[126.993247707,37.631834629],[126.993335915,37.631515691],[126.994044799,37.629986342],[126.994101818,37.629919103],[126.99415666,37.629898779],[126.99433331,37.629833342],[126.994549372,37.629828634],[126.99893594,37.626878561],[127.00173864,37.625709677],[127.002357722,37.625595115],[127.002898214,37.625373185],[127.004501456,37.624438048],[127.006435748,37.624342483],[127.007568857,37.624029522],[127.007875675,37.623909094],[127.007823604,37.623319626],[127.007647191,37.622899768],[127.007543279,37.622653719],[127.007476926,37.622556485],[127.007442268,37.622505703],[127.007406627,37.622471673],[127.007374715,37.622441093],[127.007505919,37.621016505],[127.008045828,37.619369306],[127.008493688,37.618574613],[127.00855683,37.618563627],[127.009439028,37.618167274],[127.011470229,37.61641925],[127.01475238,37.615592292],[127.014941183,37.615418434],[127.015253142,37.614807877],[127.016310964,37.614960984],[127.017642685,37.61457098],[127.019258331,37.613752846],[127.019792366,37.613255669],[127.020380978,37.612618344],[127.020479156,37.612547763],[127.020605399,37.612517855],[127.020667095,37.612503459],[127.022029545,37.61228703],[127.022234984,37.611269247],[127.027222805,37.612563697],[127.029982615,37.612341805],[127.030411147,37.609138898],[127.037103401,37.612711038],[127.03911856,37.616308518],[127.040194407,37.615945419],[127.042313761,37.617473482],[127.043037221,37.61800138],[127.043913603,37.618641342],[127.043960844,37.618676452],[127.044548124,37.61934345],[127.044680026,37.619493321],[127.044729001,37.619549149],[127.04792391,37.623221255],[127.049986245,37.62443095],[127.051105406,37.623245479],[127.052169737,37.622094681],[127.052722109,37.621525407],[127.05335326,37.620901509],[127.053731865,37.620575187],[127.053844715,37.620478774],[127.053962143,37.620380458],[127.054208191,37.620174656],[127.056909093,37.618115241],[127.060605995,37.615651383],[127.060911107,37.614947219],[127.061230672,37.614771321],[127.061461716,37.61464619],[127.061515708,37.614617097],[127.061717027,37.614519571],[127.062014261,37.614375586],[127.062209969,37.614332372],[127.062421978,37.614285838],[127.062743322,37.614314069],[127.062892576,37.614343916],[127.064866324,37.614222039],[127.065943728,37.614281944],[127.066051939,37.614304866],[127.067748369,37.615221457],[127.068011976,37.615437618],[127.06800857,37.615536753],[127.068006972,37.615568231],[127.071187059,37.616368568],[127.071403143,37.615627972],[127.071458739,37.614280279],[127.071717759,37.606811752],[127.069355213,37.609331567],[127.068873236,37.609329807],[127.068588262,37.609322465],[127.068734388,37.606871138],[127.068101148,37.606507897],[127.066246396,37.605820571],[127.06497294,37.605874471],[127.0623346,37.605281105],[127.062139951,37.605136159],[127.061668508,37.604629656],[127.060773366,37.603569503],[127.060045631,37.602099855],[127.057255964,37.601252299],[127.052029947,37.599952678],[127.051327383,37.601626501],[127.051008856,37.601569388],[127.05027341,37.601105343],[127.048158001,37.597556107],[127.047766939,37.596660025],[127.047647395,37.596287636],[127.04351743,37.596906182],[127.040753805,37.595800301],[127.039062753,37.591270147],[127.036488312,37.59124586],[127.03638868,37.589923394],[127.031678023,37.585071332],[127.029499045,37.582724791],[127.024472329,37.579197348],[127.023167883,37.57804158],[127.022508747,37.578096431],[127.018751668,37.577526899],[127.018005509,37.578058182],[127.017604519,37.579688801]]]},"properties":{"SIG_CD":"11290","SIG_KOR_NM":"성북구","SIG_ENG_NM":"Seongbuk-gu","ESRI_PK":17,"SHAPE_AREA":0.002484937,"SHAPE_LEN":0.305937568}},
{"type":"Feature","geometry":{"type":"Polygon","coordinates":[[[127.020667095,37.612503459],[127.020605399,37.612517855],[127.020479156,37.612547763],[127.020380978,37.612618344],[127.019792366,37.613255669],[127.019258331,37.613752846],[127.017642685,37.61457098],[127.016310964,37.614960984],[127.015253142,37.614807877],[127.014941183,37.615418434],[127.01475238,37.615592292],[127.011470229,37.61641925],[127.009439028,37.618167274],[127.00855683,37.618563627],[127.008493688,37.618574613],[127.008045828,37.619369306],[127.007505919,37.621016505],[127.007374715,37.622441093],[127.007406627,37.622471673],[127.007442268,37.622505703],[127.007476926,37.622556485],[127.007543279,37.622653719],[127.007647191,37.622899768],[127.007823604,37.623319626],[127.007875675,37.623909094],[127.007568857,37.624029522],[127.006435748,37.624342483],[127.004501456,37.624438048],[127.002898214,37.625373185],[127.002357722,37.625595115],[127.00173864,37.625709677],[126.99893594,37.626878561],[126.994549372,37.629828634],[126.99433331,37.629833342],[126.99415666,37.629898779],[126.994101818,37.629919103],[126.994044799,37.629986342],[126.993335915,37.631515691],[126.993247707,37.631834629],[126.993194308,37.632027718],[126.991824961,37.632308111],[126.986055959,37.635195451],[126.985603619,37.635444736],[126.985216796,37.635863297],[126.984946195,37.636170824],[126.984625385,37.636564875],[126.986367475,37.64065091],[126.985894863,37.640568975],[126.984261464,37.641768509],[126.984113872,37.641906444],[126.984043294,37.641986012],[126.983977492,37.642060202],[126.983919741,37.642127414],[126.983883941,37.642169079],[126.98326621,37.643597813],[126.983248868,37.643646743],[126.983243533,37.643701872],[126.983324301,37.643802553],[126.983449457,37.643939428],[126.983615955,37.644036663],[126.983758508,37.644119921],[126.984202395,37.644472257],[126.984779701,37.645509062],[126.984943306,37.645824117],[126.984961911,37.645900812],[126.984964145,37.645987575],[126.984642255,37.647458725],[126.984616838,37.647547621],[126.983702295,37.649784565],[126.983631307,37.649905934],[126.983514979,37.650028232],[126.98224356,37.651304806],[126.982095324,37.651429216],[126.980994141,37.652899634],[126.979704,37.654790816],[126.979643831,37.654884055],[126.979447983,37.655737205],[126.979448056,37.655827338],[126.979545828,37.656031696],[126.979570326,37.656075744],[126.979654321,37.656223708],[126.979784727,37.656422577],[126.979953662,37.656583308],[126.981286315,37.657420656],[126.981421911,37.657485472],[126.981693667,37.657533986],[126.983069996,37.658107866],[126.9846379,37.659057746],[126.984848073,37.659200624],[126.984996172,37.659302671],[126.986177225,37.660664327],[126.986410333,37.660976302],[126.986640454,37.66141445],[126.98801896,37.663338027],[126.989368552,37.66380243],[126.989841951,37.663902498],[126.992431364,37.664830775],[126.992844613,37.665024086],[126.994155614,37.666276934],[126.994256962,37.666483548],[126.993551498,37.673240996],[126.992985661,37.677415746],[126.992957394,37.677611664],[126.992757037,37.678410733],[126.992571658,37.678781735],[126.991736327,37.679465429],[126.993071612,37.679886887],[126.993799202,37.680249418],[126.993845056,37.680282288],[126.995809306,37.681929996],[126.997136866,37.683057333],[126.997353214,37.683278441],[126.997536319,37.683456324],[126.997663066,37.683579453],[126.997741236,37.683654146],[126.997910659,37.683794303],[126.997986058,37.683824188],[127.003638253,37.685099834],[127.003864076,37.685143598],[127.00419066,37.685173138],[127.005650517,37.685226586],[127.005754715,37.685225896],[127.005861828,37.685215079],[127.006148632,37.685149807],[127.006358498,37.68509958],[127.006569636,37.685049043],[127.006655643,37.685027825],[127.008292469,37.684677698],[127.008406177,37.681299293],[127.010364839,37.679538579],[127.010448491,37.679539738],[127.010494301,37.679538819],[127.010564763,37.679531523],[127.010735741,37.679506319],[127.011951904,37.679307432],[127.011981057,37.679294032],[127.012021066,37.679245751],[127.012774408,37.678068122],[127.013215255,37.677238294],[127.013415526,37.676449608],[127.013867203,37.675372018],[127.014119004,37.675015903],[127.014582994,37.674400401],[127.014821134,37.67424308],[127.015735825,37.673450738],[127.016631856,37.672666992],[127.017318179,37.671825435],[127.017385605,37.671742725],[127.0184403,37.670078454],[127.01851613,37.669958309],[127.018473246,37.669644056],[127.018439673,37.669398044],[127.018160914,37.66877724],[127.01763051,37.668278212],[127.01692572,37.667896768],[127.016554466,37.667553867],[127.015827599,37.666863619],[127.01565789,37.666698429],[127.015516089,37.66634255],[127.015445211,37.666164642],[127.015406942,37.665838879],[127.015438857,37.66376369],[127.015449889,37.663481113],[127.016335299,37.661576002],[127.015846962,37.661444062],[127.015162445,37.661591467],[127.014627946,37.660892844],[127.014275701,37.659891058],[127.013790296,37.658480724],[127.012661346,37.653309364],[127.01256294,37.652749931],[127.012547129,37.652458059],[127.012555218,37.652223006],[127.01264253,37.651846672],[127.012692818,37.651631686],[127.012895588,37.651177349],[127.012908525,37.651149236],[127.013244707,37.650439857],[127.01520119,37.649312069],[127.015288313,37.649264079],[127.015383923,37.64921142],[127.015618408,37.649103105],[127.016340297,37.648899877],[127.016998902,37.648726815],[127.017454974,37.648645317],[127.017626545,37.648629109],[127.01779012,37.648615357],[127.017962464,37.648614709],[127.018204067,37.648614569],[127.018575654,37.648671293],[127.018787957,37.648709339],[127.018866805,37.648724064],[127.018926666,37.648735251],[127.019182705,37.648801083],[127.019710358,37.648938432],[127.019955027,37.649011535],[127.020231692,37.649067867],[127.020487368,37.6490813],[127.020557491,37.649084965],[127.020771376,37.649060588],[127.020838104,37.649052846],[127.021139603,37.64901635],[127.021313525,37.648964102],[127.024617275,37.647402377],[127.024780588,37.647235161],[127.025151697,37.646601114],[127.025495704,37.646079822],[127.025638591,37.645892243],[127.025661064,37.645862823],[127.025920932,37.64572325],[127.026090439,37.645636466],[127.026163302,37.645599164],[127.026595432,37.645381198],[127.02664231,37.645362233],[127.027081265,37.645184852],[127.027265588,37.64511891],[127.02791439,37.644748193],[127.029722231,37.643639477],[127.029765622,37.64361261],[127.029934223,37.643500615],[127.030126308,37.643372939],[127.030605807,37.643053747],[127.030833047,37.642856375],[127.03125035,37.642624794],[127.031697712,37.64234603],[127.03178875,37.642288931],[127.032286866,37.641936005],[127.032670614,37.641631071],[127.032911056,37.641320341],[127.032935431,37.641288737],[127.033012875,37.641164858],[127.033149934,37.640942319],[127.033297461,37.640629688],[127.033547309,37.640098887],[127.033577463,37.640034786],[127.033596113,37.639988792],[127.033842193,37.639389123],[127.033886114,37.639282208],[127.033968081,37.639083165],[127.034024159,37.638951566],[127.034237551,37.638452427],[127.034266511,37.638385194],[127.034304521,37.63829695],[127.034356973,37.638177729],[127.034501389,37.637851564],[127.034625429,37.637682981],[127.034685728,37.637601044],[127.034963397,37.637376804],[127.035496182,37.637136668],[127.035530182,37.637122543],[127.035698412,37.63708113],[127.035882132,37.637036561],[127.036091449,37.636985783],[127.036439863,37.636886878],[127.038479307,37.63391367],[127.041481215,37.631278863],[127.041966789,37.630988904],[127.042156396,37.630875792],[127.042893142,37.630435901],[127.046164923,37.628090438],[127.048243137,37.62646751],[127.049986245,37.62443095],[127.04792391,37.623221255],[127.044729001,37.619549149],[127.044680026,37.619493321],[127.044548124,37.61934345],[127.043960844,37.618676452],[127.043913603,37.618641342],[127.043037221,37.61800138],[127.042313761,37.617473482],[127.040194407,37.615945419],[127.03911856,37.616308518],[127.037103401,37.612711038],[127.030411147,37.609138898],[127.029982615,37.612341805],[127.027222805,37.612563697],[127.022234984,37.611269247],[127.022029545,37.61228703],[127.020667095,37.612503459]]]},"properties":{"SIG_CD":"11305","SIG_KOR_NM":"강북구","SIG_ENG_NM":"Gangbuk-gu","ESRI_PK":7,"SHAPE_AREA":0.002421007,"SHAPE_LEN":0.250481105}},
{"type":"Feature","geometry":{"type":"Polygon","coordinates":[[[127.036091449,37.636985783],[127.035882132,37.637036561],[127.035698412,37.63708113],[127.035530182,37.637122543],[127.035496182,37.637136668],[127.034963397,37.637376804],[127.034685728,37.637601044],[127.034625429,37.637682981],[127.034501389,37.637851564],[127.034356973,37.638177729],[127.034304521,37.63829695],[127.034266511,37.638385194],[127.034237551,37.638452427],[127.034024159,37.638951566],[127.033968081,37.639083165],[127.033886114,37.639282208],[127.033842193,37.639389123],[127.033596113,37.639988792],[127.033577463,37.640034786],[127.033547309,37.640098887],[127.033297461,37.640629688],[127.033149934,37.640942319],[127.033012875,37.641164858],[127.032935431,37.641288737],[127.032911056,37.641320341],[127.032670614,37.641631071],[127.032286866,37.641936005],[127.03178875,37.642288931],[127.031697712,37.64234603],[127.03125035,37.642624794],[127.030833047,37.642856375],[127.030605807,37.643053747],[127.030126308,37.643372939],[127.029934223,37.643500615],[127.029765622,37.64361261],[127.029722231,37.643639477],[127.02791439,37.644748193],[127.027265588,37.64511891],[127.027081265,37.645184852],[127.02664231,37.645362233],[127.026595432,37.645381198],[127.026163302,37.645599164],[127.026090439,37.645636466],[127.025920932,37.64572325],[127.025661064,37.645862823],[127.025638591,37.645892243],[127.025495704,37.646079822],[127.025151697,37.646601114],[127.024780588,37.647235161],[127.024617275,37.647402377],[127.021313525,37.648964102],[127.021139603,37.64901635],[127.020838104,37.649052846],[127.020771376,37.649060588],[127.020557491,37.649084965],[127.020487368,37.6490813],[127.020231692,37.649067867],[127.019955027,37.649011535],[127.019710358,37.648938432],[127.019182705,37.648801083],[127.018926666,37.648735251],[127.018866805,37.648724064],[127.018787957,37.648709339],[127.018575654,37.648671293],[127.018204067,37.648614569],[127.017962464,37.648614709],[127.01779012,37.648615357],[127.017626545,37.648629109],[127.017454974,37.648645317],[127.016998902,37.648726815],[127.016340297,37.648899877],[127.015618408,37.649103105],[127.015383923,37.64921142],[127.015288313,37.649264079],[127.01520119,37.649312069],[127.013244707,37.650439857],[127.012908525,37.651149236],[127.012895588,37.651177349],[127.012692818,37.651631686],[127.01264253,37.651846672],[127.012555218,37.652223006],[127.012547129,37.652458059],[127.01256294,37.652749931],[127.012661346,37.653309364],[127.013790296,37.658480724],[127.014275701,37.659891058],[127.014627946,37.660892844],[127.015162445,37.661591467],[127.015846962,37.661444062],[127.016335299,37.661576002],[127.015449889,37.663481113],[127.015438857,37.66376369],[127.015406942,37.665838879],[127.015445211,37.666164642],[127.015516089,37.66634255],[127.01565789,37.666698429],[127.015827599,37.666863619],[127.016554466,37.667553867],[127.01692572,37.667896768],[127.01763051,37.668278212],[127.018160914,37.66877724],[127.018439673,37.669398044],[127.018473246,37.669644056],[127.01851613,37.669958309],[127.0184403,37.670078454],[127.017385605,37.671742725],[127.017318179,37.671825435],[127.016631856,37.672666992],[127.015735825,37.673450738],[127.014821134,37.67424308],[127.014582994,37.674400401],[127.014119004,37.675015903],[127.013867203,37.675372018],[127.013415526,37.676449608],[127.013215255,37.677238294],[127.012774408,37.678068122],[127.012021066,37.679245751],[127.011981057,37.679294032],[127.011951904,37.679307432],[127.010735741,37.679506319],[127.010564763,37.679531523],[127.010494301,37.679538819],[127.010448491,37.679539738],[127.010364839,37.679538579],[127.008406177,37.681299293],[127.008292469,37.684677698],[127.008401614,37.684733396],[127.008625037,37.684869472],[127.008691942,37.684936224],[127.0087045,37.684966696],[127.00872332,37.685014095],[127.00874963,37.685112539],[127.008807716,37.685329912],[127.008960867,37.686613818],[127.008972672,37.686971938],[127.008967909,37.687050992],[127.008963999,37.687107309],[127.00870911,37.688243049],[127.008686018,37.688304919],[127.008636563,37.688388086],[127.00855008,37.688494758],[127.008292369,37.688736791],[127.008190639,37.688830087],[127.008139042,37.688907656],[127.008086199,37.689026249],[127.008075286,37.689115823],[127.00805516,37.690548636],[127.008057723,37.690595056],[127.008819942,37.69454718],[127.008837236,37.694611471],[127.008895349,37.694724397],[127.009074809,37.695021357],[127.009129582,37.695109546],[127.009157543,37.69515417],[127.009208156,37.695234932],[127.010745064,37.697053908],[127.011917311,37.698214927],[127.011948312,37.698244348],[127.011987602,37.698253524],[127.012042917,37.698252897],[127.012095743,37.698249465],[127.012152027,37.698246408],[127.012192197,37.698244231],[127.012341687,37.698238062],[127.012375962,37.698237131],[127.012780666,37.698239904],[127.0137944,37.698253101],[127.01436912,37.698262906],[127.014489086,37.698268357],[127.014527311,37.698277528],[127.01461138,37.698324067],[127.0149389,37.698545113],[127.014977547,37.698600749],[127.015016751,37.698673873],[127.015845846,37.701025239],[127.019567711,37.701079904],[127.019676996,37.700951901],[127.019792656,37.700827313],[127.019886031,37.70075108],[127.020283219,37.700507085],[127.022089843,37.69960408],[127.022153722,37.699593072],[127.024697052,37.699446746],[127.024775066,37.699442553],[127.024817548,37.69944076],[127.024897043,37.699437412],[127.024966456,37.699447831],[127.025066956,37.699475276],[127.025302588,37.699546078],[127.025395288,37.699574617],[127.025510605,37.699612261],[127.025649274,37.699657886],[127.026776524,37.70022068],[127.026839383,37.700257544],[127.026887321,37.700300549],[127.026949095,37.700399384],[127.027004486,37.700495932],[127.02701241,37.700521669],[127.027036733,37.700600002],[127.027067305,37.700651663],[127.027107425,37.70069689],[127.02715196,37.700718475],[127.027217924,37.700713106],[127.027955889,37.70061579],[127.027987134,37.700608029],[127.028028376,37.70058904],[127.028072177,37.700556398],[127.028213297,37.700385855],[127.028890595,37.699535158],[127.028995295,37.699379493],[127.029219584,37.69900239],[127.029280723,37.698864623],[127.029300866,37.69881851],[127.029389536,37.698585645],[127.029669485,37.69770346],[127.029696546,37.697569559],[127.02970357,37.697470377],[127.029725861,37.697084022],[127.029726573,37.696971358],[127.02972721,37.696757295],[127.029698823,37.696537483],[127.029697169,37.696350451],[127.0297294,37.696186087],[127.029859483,37.695794527],[127.029925857,37.695612273],[127.030067209,37.695232025],[127.03114435,37.69293905],[127.031172715,37.692899837],[127.032468343,37.691712252],[127.032500453,37.691705105],[127.032567813,37.691701992],[127.032821502,37.691719357],[127.034073115,37.691881456],[127.034106399,37.691886094],[127.034159522,37.69189419],[127.035835459,37.692220771],[127.035894842,37.692243538],[127.038379423,37.693244762],[127.038432949,37.69327394],[127.038551298,37.693363725],[127.03885234,37.693631922],[127.039053581,37.693876067],[127.03969313,37.694089251],[127.039752356,37.694143553],[127.039812879,37.694213652],[127.040008647,37.694426228],[127.040230503,37.694663124],[127.040261881,37.694688303],[127.040383605,37.694781462],[127.040429511,37.694819893],[127.040498081,37.694841621],[127.040550937,37.694856609],[127.040619109,37.694874766],[127.040716079,37.694898803],[127.040796778,37.694918271],[127.041015848,37.69503179],[127.04143389,37.695299308],[127.04152935,37.695340239],[127.041576724,37.695359577],[127.041722838,37.695347752],[127.043013257,37.695208547],[127.043122762,37.695154891],[127.04319014,37.6950346],[127.043195864,37.694909562],[127.043206572,37.694667371],[127.045085364,37.69244159],[127.048204861,37.693913737],[127.049119615,37.69352178],[127.049370723,37.692912089],[127.050065419,37.69045411],[127.050095129,37.690348317],[127.050127034,37.690111839],[127.050121551,37.689845926],[127.050083632,37.689607848],[127.050033165,37.689293515],[127.050017711,37.689198825],[127.050004013,37.688768387],[127.050026833,37.688507422],[127.05005198,37.688219885],[127.050061419,37.688183868],[127.050141906,37.687884483],[127.050255791,37.687698332],[127.050350959,37.687542774],[127.05038601,37.687485511],[127.050446173,37.687388784],[127.050776585,37.687021624],[127.0509441,37.686730474],[127.051069996,37.686511624],[127.051182047,37.68631675],[127.051438276,37.685791573],[127.051915913,37.684811478],[127.052021173,37.683870383],[127.052006427,37.683663355],[127.051860895,37.682468393],[127.051824316,37.682422061],[127.051492272,37.682003933],[127.050939913,37.6801541],[127.049135363,37.673120202],[127.049081419,37.672783122],[127.049058209,37.672636567],[127.048999792,37.672100051],[127.048972944,37.671852081],[127.048932769,37.671230035],[127.048932932,37.671202995],[127.048823058,37.669093428],[127.048886873,37.668743278],[127.049013401,37.668069213],[127.049276986,37.667399529],[127.049287774,37.66737253],[127.049665775,37.666623613],[127.049716667,37.666557217],[127.049757913,37.666503412],[127.049791491,37.6664596],[127.050062205,37.666105733],[127.050608391,37.665314641],[127.050847255,37.66495389],[127.051047966,37.66457384],[127.051126508,37.664358946],[127.051266294,37.663975284],[127.051324931,37.663652153],[127.051470686,37.661804971],[127.051551242,37.660657211],[127.052435023,37.658161607],[127.054181745,37.65448156],[127.054208873,37.653021696],[127.05421812,37.652540643],[127.054231151,37.652139598],[127.054234708,37.652039491],[127.054237964,37.651948089],[127.054292229,37.650929784],[127.054361231,37.650408396],[127.054408254,37.650205349],[127.054430328,37.650110089],[127.054533579,37.649667698],[127.054633472,37.649472151],[127.054824634,37.649097574],[127.055044714,37.648665763],[127.055211777,37.648334025],[127.055324543,37.647958142],[127.055472012,37.647465215],[127.055578279,37.647108461],[127.055892535,37.645970579],[127.055732126,37.645306366],[127.055072501,37.641632055],[127.054936722,37.640761752],[127.054371395,37.640643571],[127.054273669,37.640637568],[127.054192801,37.640657606],[127.054130356,37.64067308],[127.054009524,37.640740224],[127.053618129,37.641035058],[127.053375368,37.641234687],[127.053205054,37.64140079],[127.052891941,37.641754506],[127.05261787,37.642093722],[127.052332898,37.642596263],[127.052247434,37.6427886],[127.051261192,37.645159877],[127.05124752,37.645195878],[127.050596731,37.645147208],[127.047996336,37.641696417],[127.046354775,37.63915623],[127.045511425,37.637829162],[127.045295961,37.637486932],[127.045014265,37.636867302],[127.044922035,37.635961065],[127.044917955,37.635923815],[127.044025387,37.633617539],[127.043935822,37.633436925],[127.043528584,37.633079321],[127.042903302,37.632696121],[127.041481215,37.631278863],[127.038479307,37.63391367],[127.036439863,37.636886878],[127.036091449,37.636985783]]]},"properties":{"SIG_CD":"11320","SIG_KOR_NM":"도봉구","SIG_ENG_NM":"Dobong-gu","ESRI_PK":0,"SHAPE_AREA":0.00211611,"SHAPE_LEN":0.221536509}},
{"type":"Feature","geometry":{"type":"Polygon","coordinates":[[[127.065943728,37.614281944],[127.064866324,37.614222039],[127.062892576,37.614343916],[127.062743322,37.614314069],[127.062421978,37.614285838],[127.062209969,37.614332372],[127.062014261,37.614375586],[127.061717027,37.614519571],[127.061515708,37.614617097],[127.061461716,37.61464619],[127.061230672,37.614771321],[127.060911107,37.614947219],[127.060605995,37.615651383],[127.056909093,37.618115241],[127.054208191,37.620174656],[127.053962143,37.620380458],[127.053844715,37.620478774],[127.053731865,37.620575187],[127.05335326,37.620901509],[127.052722109,37.621525407],[127.052169737,37.622094681],[127.051105406,37.623245479],[127.049986245,37.62443095],[127.048243137,37.62646751],[127.046164923,37.628090438],[127.042893142,37.630435901],[127.042156396,37.630875792],[127.041966789,37.630988904],[127.041481215,37.631278863],[127.042903302,37.632696121],[127.043528584,37.633079321],[127.043935822,37.633436925],[127.044025387,37.633617539],[127.044917955,37.635923815],[127.044922035,37.635961065],[127.045014265,37.636867302],[127.045295961,37.637486932],[127.045511425,37.637829162],[127.046354775,37.63915623],[127.047996336,37.641696417],[127.050596731,37.645147208],[127.05124752,37.645195878],[127.051261192,37.645159877],[127.052247434,37.6427886],[127.052332898,37.642596263],[127.05261787,37.642093722],[127.052891941,37.641754506],[127.053205054,37.64140079],[127.053375368,37.641234687],[127.053618129,37.641035058],[127.054009524,37.640740224],[127.054130356,37.64067308],[127.054192801,37.640657606],[127.054273669,37.640637568],[127.054371395,37.640643571],[127.054936722,37.640761752],[127.055072501,37.641632055],[127.055732126,37.645306366],[127.055892535,37.645970579],[127.055578279,37.647108461],[127.055472012,37.647465215],[127.055324543,37.647958142],[127.055211777,37.648334025],[127.055044714,37.648665763],[127.054824634,37.649097574],[127.054633472,37.649472151],[127.054533579,37.649667698],[127.054430328,37.650110089],[127.054408254,37.650205349],[127.054361231,37.650408396],[127.054292229,37.650929784],[127.054237964,37.651948089],[127.054234708,37.652039491],[127.054231151,37.652139598],[127.05421812,37.652540643],[127.054208873,37.653021696],[127.054181745,37.65448156],[127.052435023,37.658161607],[127.051551242,37.660657211],[127.051470686,37.661804971],[127.051324931,37.663652153],[127.051266294,37.663975284],[127.051126508,37.664358946],[127.051047966,37.66457384],[127.050847255,37.66495389],[127.050608391,37.665314641],[127.050062205,37.666105733],[127.049791491,37.6664596],[127.049757913,37.666503412],[127.049716667,37.666557217],[127.049665775,37.666623613],[127.049287774,37.66737253],[127.049276986,37.667399529],[127.049013401,37.668069213],[127.048886873,37.668743278],[127.048823058,37.669093428],[127.048932932,37.671202995],[127.048932769,37.671230035],[127.048972944,37.671852081],[127.048999792,37.672100051],[127.049058209,37.672636567],[127.049081419,37.672783122],[127.049135363,37.673120202],[127.050939913,37.6801541],[127.051492272,37.682003933],[127.051824316,37.682422061],[127.051860895,37.682468393],[127.052006427,37.683663355],[127.052021173,37.683870383],[127.051915913,37.684811478],[127.051438276,37.685791573],[127.051182047,37.68631675],[127.051069996,37.686511624],[127.0509441,37.686730474],[127.050776585,37.687021624],[127.052936202,37.688130582],[127.054629168,37.689285058],[127.054822323,37.689347753],[127.056826431,37.689568241],[127.057552626,37.689399715],[127.058162049,37.689154918],[127.058849024,37.688944893],[127.060380271,37.688692606],[127.061796347,37.688977289],[127.064511658,37.689644165],[127.065111653,37.689846953],[127.065347954,37.690049497],[127.065473765,37.690233606],[127.065635413,37.690473055],[127.065660906,37.690604076],[127.068260108,37.693466098],[127.068366781,37.693580516],[127.068812471,37.69405849],[127.069392716,37.694365936],[127.069944462,37.6942608],[127.070430136,37.694076788],[127.071038097,37.694128574],[127.071995834,37.694255987],[127.072627662,37.694349538],[127.072831396,37.694425763],[127.07291557,37.694457614],[127.07446414,37.695476966],[127.075944779,37.695961375],[127.07734112,37.69638438],[127.081111693,37.696090671],[127.082861822,37.695099363],[127.083488415,37.694611479],[127.083766761,37.694659782],[127.084289314,37.694010396],[127.085135343,37.691416433],[127.085139787,37.690999583],[127.085016566,37.690850429],[127.084925878,37.69084335],[127.085832594,37.690452206],[127.086236014,37.690313915],[127.088991714,37.689755713],[127.089407766,37.689768429],[127.089592097,37.68981201],[127.089925282,37.689890783],[127.092200269,37.689730799],[127.09232655,37.689720969],[127.092408067,37.689714617],[127.092835011,37.689678912],[127.094951693,37.689166809],[127.095307503,37.689044098],[127.095502975,37.688970489],[127.095580271,37.68894138],[127.095791953,37.688860986],[127.095923638,37.687716745],[127.096321701,37.685946991],[127.096294155,37.685789452],[127.096285223,37.685738406],[127.095855364,37.684752254],[127.095632991,37.684322232],[127.095526282,37.68426328],[127.095398371,37.684192988],[127.095062796,37.684100549],[127.094985724,37.684081158],[127.094673569,37.684001219],[127.094281194,37.683551457],[127.092811427,37.681804566],[127.092796694,37.681779872],[127.092698512,37.681583349],[127.091827762,37.679187299],[127.091838524,37.679013514],[127.091844085,37.678923769],[127.091927822,37.678387712],[127.092040962,37.677918283],[127.092270215,37.677481893],[127.092464325,37.677359793],[127.092789129,37.677383566],[127.092981421,37.677284965],[127.093610893,37.676622402],[127.095561541,37.672807451],[127.095634257,37.672599266],[127.09573883,37.672265004],[127.09574784,37.672002423],[127.095728307,37.670417232],[127.094409041,37.664364743],[127.093960315,37.662570668],[127.092444955,37.65809256],[127.090229428,37.657278189],[127.088445163,37.656622979],[127.086034433,37.655912672],[127.086341402,37.655502505],[127.086576432,37.655412069],[127.089211279,37.654950325],[127.090621605,37.654895514],[127.092818083,37.654903116],[127.093601885,37.653317212],[127.092297915,37.649994664],[127.092292481,37.649951832],[127.092296178,37.649922551],[127.092336569,37.649731661],[127.092365276,37.649596055],[127.092447208,37.649252703],[127.092554148,37.648879999],[127.09257928,37.648811503],[127.093481215,37.646987151],[127.093940347,37.646330756],[127.094452127,37.645759075],[127.094933738,37.645512871],[127.097814268,37.645281573],[127.10139076,37.645381592],[127.103955169,37.6456303],[127.106567955,37.645489592],[127.107423188,37.64502726],[127.10802801,37.644638829],[127.108065514,37.644518976],[127.108216161,37.644158355],[127.109068688,37.643026622],[127.1091819,37.642918836],[127.109559716,37.642605745],[127.109590308,37.642582186],[127.109643981,37.64254933],[127.109703295,37.64251496],[127.109748758,37.64249145],[127.111154714,37.642411592],[127.111343166,37.64200323],[127.111952926,37.640271212],[127.112384316,37.635228523],[127.112037345,37.632618055],[127.111417171,37.631330476],[127.110983243,37.630593317],[127.110910506,37.630530308],[127.110842237,37.63047118],[127.110416843,37.63013966],[127.108617281,37.629141103],[127.105488704,37.6272604],[127.105369716,37.62713951],[127.105263884,37.626913758],[127.103529883,37.623065974],[127.103525878,37.623037109],[127.103507379,37.622903657],[127.103657698,37.622470391],[127.103981525,37.621772938],[127.104034382,37.621688614],[127.104065003,37.621658297],[127.104238545,37.621520297],[127.104285922,37.62149493],[127.10435147,37.621459835],[127.104963498,37.621171203],[127.10501662,37.621171381],[127.105107278,37.621170558],[127.105246758,37.621162633],[127.105296738,37.621154715],[127.105365135,37.621131509],[127.105423084,37.621112405],[127.105504448,37.621064852],[127.105620835,37.621020173],[127.10565846,37.621002272],[127.105696292,37.62095388],[127.105719206,37.620899948],[127.105710367,37.620833435],[127.10502345,37.620683552],[127.10182508,37.619887508],[127.101550916,37.619814601],[127.101507533,37.619803062],[127.10144688,37.619755537],[127.100499005,37.618881409],[127.097041797,37.617049906],[127.096950834,37.61705147],[127.096815539,37.617053802],[127.096148157,37.61710222],[127.093046806,37.618041355],[127.092607507,37.618211095],[127.092435749,37.618279229],[127.089543001,37.619643669],[127.087973081,37.619887103],[127.085727751,37.620167842],[127.084150371,37.619632692],[127.082445765,37.619295493],[127.081637232,37.619250942],[127.075849241,37.617078306],[127.071403143,37.615627972],[127.071187059,37.616368568],[127.068006972,37.615568231],[127.06800857,37.615536753],[127.068011976,37.615437618],[127.067748369,37.615221457],[127.066051939,37.614304866],[127.065943728,37.614281944]]]},"properties":{"SIG_CD":"11350","SIG_KOR_NM":"노원구","SIG_ENG_NM":"Nowon-gu","ESRI_PK":18,"SHAPE_AREA":0.003620168,"SHAPE_LEN":0.301875497}},
{"type":"Feature","geometry":{"type":"Polygon","coordinates":[[[126.912823419,37.586336978],[126.912695059,37.586185338],[126.912552642,37.586022415],[126.912330647,37.585806115],[126.909849553,37.583466022],[126.906294303,37.580118863],[126.903126957,37.576891886],[126.902819813,37.577147107],[126.901638469,37.57591876],[126.898594576,37.577992963],[126.898200247,37.57826168],[126.897908382,37.579169412],[126.896663246,37.580488531],[126.896229835,37.580854116],[126.895292681,37.581463033],[126.892176865,37.582939191],[126.89022514,37.584238439],[126.889969797,37.584406004],[126.889919953,37.5844418],[126.889653427,37.584637473],[126.889407922,37.584817715],[126.887440646,37.586467115],[126.886978676,37.58686356],[126.883254891,37.59006307],[126.882241023,37.590936601],[126.883379311,37.591715425],[126.883931186,37.592183623],[126.884119738,37.592413322],[126.884319412,37.592666738],[126.884822473,37.593391559],[126.886580948,37.593835608],[126.886215026,37.592327901],[126.885441836,37.591088385],[126.885808985,37.590077515],[126.886315521,37.589431186],[126.887261806,37.588594476],[126.887412008,37.588579482],[126.891397888,37.588455887],[126.896961513,37.588620771],[126.899841237,37.589866905],[126.899776667,37.589973611],[126.899580208,37.590460588],[126.899006566,37.592588607],[126.898989088,37.592658976],[126.899334826,37.593243227],[126.89994587,37.593772528],[126.900556111,37.594297243],[126.901360261,37.596177192],[126.901417779,37.598266382],[126.901489672,37.599367507],[126.901228772,37.600117674],[126.900872354,37.600770463],[126.90071832,37.600995015],[126.900477213,37.601307006],[126.90023001,37.602026803],[126.900260582,37.603154775],[126.902084171,37.603820879],[126.90171484,37.60573097],[126.902207387,37.607092233],[126.901983637,37.609390636],[126.901871641,37.610003203],[126.901206637,37.612329562],[126.90115224,37.612369161],[126.90103132,37.612457094],[126.901890064,37.615592486],[126.903392663,37.618802089],[126.905244723,37.619498725],[126.905204431,37.620024659],[126.90643541,37.624025982],[126.906596,37.624202352],[126.907091169,37.624745886],[126.907937365,37.625393463],[126.908810735,37.629050501],[126.907415294,37.630219743],[126.907168807,37.630575658],[126.906648945,37.631729006],[126.906633201,37.631779131],[126.906547923,37.632050725],[126.906530708,37.632523839],[126.907228124,37.633185318],[126.907258537,37.633213151],[126.907316022,37.633265753],[126.907478495,37.63341191],[126.909173365,37.63477917],[126.909816778,37.635109124],[126.910226424,37.638666932],[126.910821718,37.640160486],[126.911711119,37.641015558],[126.91210376,37.641262002],[126.912304303,37.641431992],[126.912466686,37.641685183],[126.912467189,37.641801232],[126.912226823,37.644377665],[126.907584291,37.646494161],[126.905270907,37.648914873],[126.907771542,37.647626272],[126.911175639,37.645801098],[126.912368442,37.645252844],[126.912871094,37.645055863],[126.91388671,37.644707204],[126.914192971,37.644680558],[126.921268925,37.64555767],[126.921528624,37.645641749],[126.922087614,37.645823628],[126.922168398,37.645850478],[126.922428217,37.645936836],[126.923356021,37.646340215],[126.924541764,37.646964139],[126.925141824,37.647290823],[126.925222747,37.647335166],[126.92541979,37.64744315],[126.925498,37.647499864],[126.925669194,37.64762464],[126.925988979,37.6478582],[126.926908531,37.648529819],[126.927942698,37.649285107],[126.928509894,37.649699098],[126.928608945,37.64976761],[126.928695253,37.649827309],[126.928894782,37.649964638],[126.929741541,37.650404718],[126.930394348,37.650555465],[126.931195835,37.650626932],[126.931266744,37.650619387],[126.934491603,37.650561657],[126.934734724,37.650641689],[126.935187423,37.650894482],[126.937042537,37.651930364],[126.938497334,37.654161334],[126.938591196,37.65442104],[126.938965003,37.654946799],[126.939259339,37.65534345],[126.939379326,37.655500627],[126.940391178,37.656627599],[126.941030604,37.657061007],[126.941191709,37.657154274],[126.942545753,37.657789243],[126.942818564,37.657882918],[126.943620778,37.658154851],[126.946315836,37.658873951],[126.946526319,37.658905512],[126.947076015,37.65898793],[126.947305313,37.658931544],[126.947419389,37.658740546],[126.947434443,37.658714793],[126.947448988,37.658681278],[126.947592341,37.658350403],[126.948791986,37.656956977],[126.951157698,37.655014091],[126.95119138,37.654991056],[126.951250983,37.654950305],[126.952072873,37.654761466],[126.952327987,37.654731825],[126.952360083,37.654730036],[126.952576954,37.654720993],[126.953548288,37.655022936],[126.954623027,37.65475075],[126.956342854,37.653074323],[126.956765403,37.652649263],[126.959748876,37.648463878],[126.961731693,37.645159413],[126.9644204,37.643072667],[126.964763467,37.642949164],[126.965005694,37.642759855],[126.968292559,37.639319221],[126.968823448,37.638681665],[126.968861438,37.638419322],[126.968786926,37.637045576],[126.968764041,37.63697562],[126.970874211,37.632994436],[126.97178591,37.632285339],[126.970203682,37.630860893],[126.96925199,37.630223418],[126.968819345,37.630103179],[126.968341975,37.629985325],[126.967629339,37.629809388],[126.962341614,37.628850275],[126.959542227,37.628482584],[126.957476984,37.626174868],[126.95675296,37.625365796],[126.953178355,37.625166763],[126.952350973,37.624894778],[126.952171601,37.624822965],[126.951716344,37.62432855],[126.951240985,37.622792886],[126.950331641,37.618361959],[126.950396243,37.616128069],[126.950692195,37.614886726],[126.950936677,37.612359609],[126.950846611,37.61180036],[126.950633814,37.61096446],[126.949983232,37.609705233],[126.950377043,37.607878593],[126.950343186,37.607846771],[126.950101114,37.607736356],[126.950050079,37.607717127],[126.949987503,37.607702053],[126.949746015,37.607686254],[126.949515156,37.607688557],[126.949462868,37.607691981],[126.949418808,37.607694867],[126.949356314,37.607719363],[126.949293576,37.607783236],[126.949171366,37.607930314],[126.949143877,37.60797062],[126.949105508,37.608026901],[126.949059949,37.608059362],[126.948994723,37.608070324],[126.948812715,37.608072854],[126.948778777,37.608065936],[126.948706583,37.608036864],[126.948389245,37.607980742],[126.94833181,37.607990613],[126.948266633,37.607994815],[126.948195639,37.607924629],[126.948125031,37.607897259],[126.948064034,37.60785553],[126.94803081,37.607827091],[126.948011773,37.607795329],[126.94797412,37.607763858],[126.947925887,37.607727327],[126.94787442,37.607697792],[126.947832425,37.607689538],[126.947798056,37.607682788],[126.947664207,37.607684415],[126.947448007,37.607716077],[126.94724569,37.607783856],[126.947215412,37.607798307],[126.946341544,37.60710136],[126.945990196,37.60635698],[126.945697716,37.605824069],[126.944916496,37.60481991],[126.944815559,37.604820562],[126.94472126,37.604821326],[126.944112392,37.604826265],[126.943344867,37.604831571],[126.942658644,37.604836309],[126.942492769,37.604827783],[126.942417277,37.604823902],[126.942266078,37.604685733],[126.940436625,37.602860874],[126.940173857,37.6018321],[126.941096873,37.601112023],[126.941208154,37.600907495],[126.941082582,37.599895218],[126.941033706,37.599618879],[126.940917384,37.59907865],[126.940677569,37.598670775],[126.940583241,37.598599357],[126.939337168,37.597839698],[126.938995251,37.597708478],[126.938934717,37.597691317],[126.938599497,37.597585564],[126.937773152,37.597748883],[126.933657829,37.596398604],[126.932954071,37.596026802],[126.930662676,37.594490252],[126.93037501,37.594242122],[126.929271935,37.593025165],[126.928647826,37.592260963],[126.928418417,37.59189481],[126.928264535,37.591650702],[126.928224806,37.591532831],[126.9281607,37.591342616],[126.928108141,37.591185862],[126.92787007,37.590453044],[126.927881953,37.590393731],[126.928021586,37.589724035],[126.928117993,37.589430439],[126.928121032,37.588384898],[126.927389257,37.587895753],[126.92719205,37.587764101],[126.926536421,37.587408268],[126.926073857,37.587170544],[126.925942174,37.587141151],[126.923584238,37.58614891],[126.922819583,37.585622332],[126.923024656,37.585000345],[126.920814772,37.582912353],[126.919681598,37.583326533],[126.919367589,37.58337577],[126.918907205,37.583407269],[126.916772157,37.58324242],[126.916120274,37.58314343],[126.91592352,37.583139077],[126.915825092,37.583144223],[126.915640352,37.584124058],[126.915442655,37.58549292],[126.913147866,37.58703486],[126.913083146,37.586889206],[126.913053917,37.586823722],[126.912969007,37.586638525],[126.912823419,37.586336978]]]},"properties":{"SIG_CD":"11380","SIG_KOR_NM":"은평구","SIG_ENG_NM":"Eunpyeong-gu","ESRI_PK":1,"SHAPE_AREA":0.003204672,"SHAPE_LEN":0.318476672}},
{"type":"Feature","geometry":{"type":"Polygon","coordinates":[[[126.946812206,37.556849453],[126.946806147,37.556909346],[126.946801311,37.556957113],[126.944685151,37.556838999],[126.941047685,37.556443404],[126.940245901,37.556189536],[126.936866526,37.555103198],[126.936734077,37.555114807],[126.936440134,37.555198689],[126.935107636,37.55566716],[126.929999116,37.557559006],[126.927116378,37.558628084],[126.927008648,37.55867234],[126.92685564,37.558735899],[126.926625304,37.558831594],[126.926494388,37.55920051],[126.926677535,37.560583767],[126.927142874,37.561751087],[126.927198913,37.561829127],[126.927483837,37.562231581],[126.928115827,37.563152853],[126.92814539,37.563195955],[126.928246698,37.563343933],[126.926955224,37.564417726],[126.926823007,37.564522298],[126.926304019,37.564915756],[126.926136217,37.565027095],[126.925956984,37.565143399],[126.925821234,37.565218226],[126.925686205,37.56529193],[126.925131465,37.565556254],[126.924739511,37.5657256],[126.917741801,37.567443283],[126.916854402,37.567887322],[126.91180511,37.570278991],[126.904778558,37.573392849],[126.901607445,37.575462298],[126.903126957,37.576891886],[126.906294303,37.580118863],[126.909849553,37.583466022],[126.912330647,37.585806115],[126.912552642,37.586022415],[126.912695059,37.586185338],[126.912823419,37.586336978],[126.912969007,37.586638525],[126.913053917,37.586823722],[126.913083146,37.586889206],[126.913147866,37.58703486],[126.915442655,37.58549292],[126.915640352,37.584124058],[126.915825092,37.583144223],[126.91592352,37.583139077],[126.916120274,37.58314343],[126.916772157,37.58324242],[126.918907205,37.583407269],[126.919367589,37.58337577],[126.919681598,37.583326533],[126.920814772,37.582912353],[126.923024656,37.585000345],[126.922819583,37.585622332],[126.923584238,37.58614891],[126.925942174,37.587141151],[126.926073857,37.587170544],[126.926536421,37.587408268],[126.92719205,37.587764101],[126.927389257,37.587895753],[126.928121032,37.588384898],[126.928117993,37.589430439],[126.928021586,37.589724035],[126.927881953,37.590393731],[126.92787007,37.590453044],[126.928108141,37.591185862],[126.9281607,37.591342616],[126.928224806,37.591532831],[126.928264535,37.591650702],[126.928418417,37.59189481],[126.928647826,37.592260963],[126.929271935,37.593025165],[126.93037501,37.594242122],[126.930662676,37.594490252],[126.932954071,37.596026802],[126.933657829,37.596398604],[126.937773152,37.597748883],[126.938599497,37.597585564],[126.938934717,37.597691317],[126.938995251,37.597708478],[126.939337168,37.597839698],[126.940583241,37.598599357],[126.940677569,37.598670775],[126.940917384,37.59907865],[126.941033706,37.599618879],[126.941082582,37.599895218],[126.941208154,37.600907495],[126.941096873,37.601112023],[126.940173857,37.6018321],[126.940436625,37.602860874],[126.942266078,37.604685733],[126.942417277,37.604823902],[126.942492769,37.604827783],[126.942658644,37.604836309],[126.943344867,37.604831571],[126.944112392,37.604826265],[126.94472126,37.604821326],[126.944815559,37.604820562],[126.944916496,37.60481991],[126.945697716,37.605824069],[126.945990196,37.60635698],[126.946341544,37.60710136],[126.947215412,37.607798307],[126.94724569,37.607783856],[126.947448007,37.607716077],[126.947664207,37.607684415],[126.947798056,37.607682788],[126.947832425,37.607689538],[126.94787442,37.607697792],[126.947925887,37.607727327],[126.94797412,37.607763858],[126.948011773,37.607795329],[126.94803081,37.607827091],[126.948064034,37.60785553],[126.948125031,37.607897259],[126.948195639,37.607924629],[126.948266633,37.607994815],[126.94833181,37.607990613],[126.948389245,37.607980742],[126.948706583,37.608036864],[126.948778777,37.608065936],[126.948812715,37.608072854],[126.948994723,37.608070324],[126.949059949,37.608059362],[126.949105508,37.608026901],[126.949143877,37.60797062],[126.949171366,37.607930314],[126.949293576,37.607783236],[126.949356314,37.607719363],[126.949418808,37.607694867],[126.949462868,37.607691981],[126.949515156,37.607688557],[126.949746015,37.607686254],[126.949987503,37.607702053],[126.950050079,37.607717127],[126.950101114,37.607736356],[126.950343186,37.607846771],[126.950377043,37.607878593],[126.950736877,37.608320203],[126.953121263,37.605597315],[126.953376322,37.605366284],[126.953437333,37.605174022],[126.953542642,37.604619059],[126.953540433,37.604574162],[126.953536476,37.60449397],[126.95351266,37.604265144],[126.953264828,37.603202668],[126.953201082,37.603011965],[126.953081451,37.602911137],[126.953012144,37.60286893],[126.952881954,37.602789658],[126.952801988,37.602694709],[126.952779637,37.602258519],[126.952777184,37.602206681],[126.952765244,37.601444199],[126.95276271,37.601281207],[126.952749307,37.600406124],[126.953508539,37.599118471],[126.953825857,37.598810104],[126.95393567,37.598703578],[126.953974153,37.598666332],[126.954093262,37.598551079],[126.955517571,37.598483298],[126.956132313,37.598457965],[126.956127097,37.598516213],[126.956123842,37.598552567],[126.956214054,37.59859549],[126.956351037,37.598660648],[126.956731207,37.598664652],[126.956883361,37.598632922],[126.956967126,37.59861382],[126.957054879,37.598552347],[126.957100418,37.598458871],[126.957135378,37.598387096],[126.957145635,37.598242928],[126.957041885,37.597905575],[126.956983391,37.597717809],[126.956954012,37.597623501],[126.956612659,37.596536562],[126.956303457,37.595662369],[126.956309287,37.595542941],[126.956312583,37.595477609],[126.956329139,37.595149822],[126.95649871,37.594706774],[126.956765758,37.594010509],[126.957250172,37.5931447],[126.957514598,37.59267208],[126.95792906,37.588793643],[126.957473528,37.58760184],[126.957172232,37.586467602],[126.956893997,37.585420106],[126.957895319,37.583811413],[126.960673532,37.580797842],[126.958777061,37.581618173],[126.958268825,37.581697188],[126.957124821,37.581615318],[126.957001887,37.581583205],[126.956457604,37.581283257],[126.955794839,37.580729257],[126.955769333,37.58004949],[126.955768556,37.580023951],[126.955746458,37.579303784],[126.955557115,37.579086876],[126.955455143,37.57897007],[126.954952871,37.578930571],[126.954809841,37.578924818],[126.954161749,37.578898749],[126.953556016,37.578875666],[126.953923954,37.578490719],[126.95957074,37.572961223],[126.961898265,37.570650585],[126.965812182,37.566669016],[126.966773537,37.565794369],[126.969592466,37.562013622],[126.968899446,37.561860685],[126.968081959,37.561678989],[126.967922279,37.561643342],[126.967381938,37.561495554],[126.966901427,37.561306383],[126.96661249,37.561132677],[126.966535019,37.5610805],[126.966187471,37.560845705],[126.965538592,37.560383831],[126.965238017,37.560171032],[126.964328285,37.559650129],[126.964182151,37.559567416],[126.963874164,37.559408841],[126.963758534,37.559349729],[126.963710407,37.559336531],[126.963658245,37.559322233],[126.963609503,37.559309618],[126.9620679,37.559260917],[126.961483485,37.558853773],[126.958708422,37.556659822],[126.958684767,37.556843372],[126.958485258,37.557236824],[126.957069313,37.557479147],[126.95683965,37.557475378],[126.956206689,37.557464839],[126.955296607,37.557442202],[126.954984448,37.557434434],[126.954315799,37.557299839],[126.953205424,37.557218087],[126.952010181,37.557130298],[126.951952896,37.557126652],[126.948846952,37.556970799],[126.946812206,37.556849453]]]},"properties":{"SIG_CD":"11410","SIG_KOR_NM":"서대문구","SIG_ENG_NM":"Seodaemun-gu","ESRI_PK":21,"SHAPE_AREA":0.001775602,"SHAPE_LEN":0.219718755}},
{"type":"Feature","geometry":{"type":"Polygon","coordinates":[[[126.904982927,37.54132021],[126.902179871,37.544066402],[126.901751561,37.545129715],[126.899000409,37.547915264],[126.890629749,37.55117327],[126.880380764,37.556175762],[126.872029542,37.560038415],[126.863064436,37.565004424],[126.859501446,37.567325022],[126.855174225,37.569975619],[126.853557339,37.57180525],[126.854117072,37.5738557],[126.859121877,37.574864889],[126.861723356,37.575856154],[126.864954083,37.575836705],[126.86664457,37.576453886],[126.867990669,37.577392861],[126.873345124,37.578846653],[126.876259257,37.578962893],[126.877076568,37.578902943],[126.87744136,37.579404156],[126.877522204,37.579515231],[126.877631669,37.579748481],[126.877469588,37.580308044],[126.876634426,37.581559077],[126.87667182,37.584121334],[126.877632062,37.586202863],[126.880286488,37.589640793],[126.880367258,37.589707934],[126.880491091,37.589810868],[126.882241023,37.590936601],[126.883254891,37.59006307],[126.886978676,37.58686356],[126.887440646,37.586467115],[126.889407922,37.584817715],[126.889653427,37.584637473],[126.889919953,37.5844418],[126.889969797,37.584406004],[126.89022514,37.584238439],[126.892176865,37.582939191],[126.895292681,37.581463033],[126.896229835,37.580854116],[126.896663246,37.580488531],[126.897908382,37.579169412],[126.898200247,37.57826168],[126.898594576,37.577992963],[126.901638469,37.57591876],[126.902819813,37.577147107],[126.903126957,37.576891886],[126.901607445,37.575462298],[126.904778558,37.573392849],[126.91180511,37.570278991],[126.916854402,37.567887322],[126.917741801,37.567443283],[126.924739511,37.5657256],[126.925131465,37.565556254],[126.925686205,37.56529193],[126.925821234,37.565218226],[126.925956984,37.565143399],[126.926136217,37.565027095],[126.926304019,37.564915756],[126.926823007,37.564522298],[126.926955224,37.564417726],[126.928246698,37.563343933],[126.92814539,37.563195955],[126.928115827,37.563152853],[126.927483837,37.562231581],[126.927198913,37.561829127],[126.927142874,37.561751087],[126.926677535,37.560583767],[126.926494388,37.55920051],[126.926625304,37.558831594],[126.92685564,37.558735899],[126.927008648,37.55867234],[126.927116378,37.558628084],[126.929999116,37.557559006],[126.935107636,37.55566716],[126.936440134,37.555198689],[126.936734077,37.555114807],[126.936866526,37.555103198],[126.940245901,37.556189536],[126.941047685,37.556443404],[126.944685151,37.556838999],[126.946801311,37.556957113],[126.946806147,37.556909346],[126.946812206,37.556849453],[126.948846952,37.556970799],[126.951952896,37.557126652],[126.952010181,37.557130298],[126.953205424,37.557218087],[126.954315799,37.557299839],[126.954984448,37.557434434],[126.955296607,37.557442202],[126.956206689,37.557464839],[126.95683965,37.557475378],[126.957069313,37.557479147],[126.958485258,37.557236824],[126.958684767,37.556843372],[126.958708422,37.556659822],[126.961483485,37.558853773],[126.96303662,37.558182583],[126.963215918,37.557150255],[126.963098066,37.556422981],[126.962927111,37.55622662],[126.962050183,37.555326454],[126.962020869,37.55533783],[126.961984197,37.555352067],[126.961838038,37.555406608],[126.961702703,37.555342933],[126.961661838,37.553341718],[126.961707253,37.552966387],[126.962068576,37.552079431],[126.962136219,37.551922003],[126.962386873,37.55150399],[126.96394265,37.549802684],[126.963686689,37.548903165],[126.963199625,37.54867748],[126.962934448,37.548780047],[126.961620498,37.54769696],[126.958629337,37.545581887],[126.957803294,37.542898836],[126.957700253,37.542082642],[126.956507535,37.540704853],[126.956400904,37.540584978],[126.953843086,37.538489886],[126.953008125,37.537847216],[126.953009757,37.537806636],[126.95301355,37.537674831],[126.952994744,37.537570124],[126.952985452,37.537518866],[126.952968463,37.537425786],[126.952826098,37.537284129],[126.952234664,37.536803671],[126.951310243,37.536294623],[126.951126913,37.53621265],[126.950758335,37.536117421],[126.949421704,37.535870085],[126.947810605,37.535622569],[126.946395536,37.535742169],[126.94618614,37.535653279],[126.946051968,37.535595107],[126.94543276,37.535192362],[126.945081515,37.5349349],[126.944670251,37.533752152],[126.941213386,37.536451803],[126.935815953,37.538995851],[126.930262409,37.541319536],[126.927629955,37.539029583],[126.92302654,37.540594969],[126.922443225,37.541386008],[126.917103684,37.54142245],[126.904982927,37.54132021]]]},"properties":{"SIG_CD":"11440","SIG_KOR_NM":"마포구","SIG_ENG_NM":"Mapo-gu","ESRI_PK":14,"SHAPE_AREA":0.002441281,"SHAPE_LEN":0.283969477}},
{"type":"Feature","geometry":{"type":"Polygon","coordinates":[[[126.855074861,37.509923793],[126.85402427,37.510303379],[126.852902442,37.510576657],[126.851243181,37.510030125],[126.847181333,37.50879205],[126.845294394,37.507871008],[126.844538327,37.506438481],[126.8423284,37.504885943],[126.840617934,37.503993084],[126.838982804,37.502901198],[126.838381621,37.501474825],[126.838363685,37.500141951],[126.83688877,37.500630442],[126.836413997,37.500650319],[126.836456563,37.500771267],[126.836526431,37.500969803],[126.836417802,37.502457548],[126.83617154,37.503038662],[126.83569611,37.503386389],[126.83534805,37.50348358],[126.834337899,37.503767451],[126.834240755,37.50383409],[126.833876878,37.504083704],[126.832642301,37.50503104],[126.830642696,37.506834819],[126.830675004,37.507572982],[126.826971894,37.508587365],[126.826525022,37.508745123],[126.826266928,37.508748545],[126.824679337,37.50832832],[126.82396616,37.509058443],[126.823850733,37.510956924],[126.824471018,37.513035828],[126.824213413,37.514346132],[126.823323664,37.514889246],[126.823238267,37.516180957],[126.824491776,37.517720171],[126.825558784,37.519845671],[126.825582527,37.52049301],[126.825589696,37.52197464],[126.825219909,37.522982965],[126.825205355,37.52302702],[126.825231592,37.523098151],[126.825250927,37.523148963],[126.825915906,37.524076676],[126.826446869,37.52496079],[126.828153979,37.525798572],[126.828230152,37.526214193],[126.828805191,37.526511148],[126.828460627,37.526702789],[126.827856067,37.52817973],[126.828143417,37.529033038],[126.82709171,37.529800414],[126.825493558,37.529820663],[126.824736467,37.530632829],[126.823975457,37.531794591],[126.823451553,37.532540213],[126.823514169,37.533774035],[126.822739771,37.533769596],[126.822649915,37.534190018],[126.821820143,37.534870512],[126.822395556,37.536489062],[126.822308862,37.537917808],[126.821959946,37.538871077],[126.821828963,37.539155853],[126.821591765,37.539724717],[126.822147106,37.540679256],[126.824425886,37.541380681],[126.825406975,37.5416506],[126.825254955,37.542148986],[126.82613418,37.542809897],[126.825995249,37.543220252],[126.825730556,37.54394316],[126.825933838,37.544702576],[126.826795941,37.545779841],[126.827134726,37.546388709],[126.827546738,37.547056735],[126.827602589,37.547683567],[126.829742066,37.547666366],[126.830349184,37.54577068],[126.829737353,37.544073655],[126.830217038,37.5426765],[126.83004712,37.542430803],[126.830083825,37.541719148],[126.830448091,37.541751895],[126.830692102,37.541760039],[126.831426243,37.541784478],[126.833139884,37.541841489],[126.833278603,37.541431304],[126.833326694,37.541288217],[126.833485998,37.54079563],[126.833778637,37.53987115],[126.835165354,37.536912351],[126.834726673,37.536034007],[126.840485322,37.526537329],[126.848895563,37.527898819],[126.851964345,37.528284142],[126.858485425,37.529105044],[126.864011041,37.529799693],[126.863494837,37.535599316],[126.863672361,37.5392834],[126.862939034,37.542473491],[126.862343653,37.543602818],[126.862329928,37.543642052],[126.862294562,37.543744677],[126.862159445,37.544136871],[126.862174457,37.544475507],[126.862185111,37.544557695],[126.862425069,37.545432719],[126.862541025,37.545853741],[126.862931846,37.547017441],[126.864284736,37.551389512],[126.864982859,37.55092804],[126.870701948,37.54765176],[126.871163196,37.547490849],[126.871766966,37.547293513],[126.872062416,37.54721016],[126.872421557,37.547108839],[126.873003892,37.547019544],[126.873470608,37.546965688],[126.874018557,37.546926907],[126.874617548,37.546942447],[126.874891454,37.546949558],[126.874946379,37.54695239],[126.875013096,37.546955835],[126.87684617,37.547055658],[126.877368433,37.547114738],[126.877723335,37.547154916],[126.877813232,37.547165602],[126.877890884,37.547177215],[126.878135378,37.547214557],[126.878490688,37.547307941],[126.879404036,37.54754797],[126.879880674,37.547665485],[126.880713845,37.547870317],[126.883247482,37.545556979],[126.885156943,37.543589609],[126.885523888,37.541836868],[126.88831999,37.536795538],[126.890252447,37.534674557],[126.890027571,37.533294531],[126.888798365,37.532828551],[126.888804673,37.532055578],[126.890540619,37.531500468],[126.890043579,37.530379716],[126.888481899,37.530720975],[126.887607778,37.529479353],[126.887053983,37.528780189],[126.886955963,37.528656871],[126.88658603,37.528309057],[126.886314371,37.528055268],[126.886029668,37.527925346],[126.885346095,37.527614205],[126.884756484,37.527403825],[126.881731886,37.52632158],[126.881372337,37.525999457],[126.880509928,37.525226275],[126.88048832,37.525147348],[126.88027658,37.524363136],[126.879822753,37.522195307],[126.879805484,37.521380567],[126.879473001,37.516771805],[126.878458148,37.51428214],[126.873478848,37.508523313],[126.871260675,37.505625985],[126.86963758,37.505399883],[126.864574478,37.505005978],[126.863528068,37.5049694],[126.863388549,37.505077937],[126.863167866,37.505251385],[126.862753453,37.506000723],[126.862459845,37.506686347],[126.860105679,37.506687327],[126.859681087,37.507394651],[126.859595712,37.507537277],[126.8581558,37.509945144],[126.856085846,37.509468511],[126.855074861,37.509923793]]]},"properties":{"SIG_CD":"11470","SIG_KOR_NM":"양천구","SIG_ENG_NM":"Yangcheon-gu","ESRI_PK":22,"SHAPE_AREA":0.001808397,"SHAPE_LEN":0.259692989}},
{"type":"Feature","geometry":{"type":"Polygon","coordinates":[[[126.840485322,37.526537329],[126.834726673,37.536034007],[126.835165354,37.536912351],[126.833778637,37.53987115],[126.833485998,37.54079563],[126.833326694,37.541288217],[126.833278603,37.541431304],[126.833139884,37.541841489],[126.831426243,37.541784478],[126.830692102,37.541760039],[126.830448091,37.541751895],[126.830083825,37.541719148],[126.83004712,37.542430803],[126.830217038,37.5426765],[126.829737353,37.544073655],[126.830349184,37.54577068],[126.829742066,37.547666366],[126.827602589,37.547683567],[126.827546738,37.547056735],[126.827134726,37.546388709],[126.826795941,37.545779841],[126.825933838,37.544702576],[126.825730556,37.54394316],[126.825995249,37.543220252],[126.82613418,37.542809897],[126.825254955,37.542148986],[126.825406975,37.5416506],[126.824425886,37.541380681],[126.822147106,37.540679256],[126.819418499,37.540779249],[126.816617435,37.540567282],[126.814656853,37.540638275],[126.812362472,37.540709004],[126.810375533,37.541609333],[126.807319689,37.543616332],[126.805428475,37.543389855],[126.80284918,37.543081647],[126.80161196,37.542455789],[126.800391362,37.541695934],[126.800829296,37.540876223],[126.798978624,37.540268102],[126.798752661,37.539454245],[126.799242779,37.539287756],[126.799492873,37.537862972],[126.799065927,37.537508023],[126.798376355,37.537631197],[126.797877949,37.537031077],[126.79607371,37.53672666],[126.794400798,37.535830862],[126.793999926,37.536855998],[126.794190867,37.538242557],[126.793316332,37.539725309],[126.794296256,37.540103162],[126.794750112,37.541515538],[126.792042636,37.541812589],[126.791753846,37.543749148],[126.787381598,37.545856913],[126.784648043,37.546290694],[126.781855608,37.546142075],[126.781201169,37.546140347],[126.780331431,37.546162089],[126.779901144,37.546247346],[126.777588067,37.54658054],[126.77680995,37.548220381],[126.775350879,37.549072901],[126.772624941,37.548703724],[126.771743555,37.548306713],[126.770069962,37.55097865],[126.768318173,37.551574742],[126.767552062,37.551961561],[126.767767368,37.553252749],[126.766202905,37.554126412],[126.766342579,37.554930004],[126.764690574,37.555370027],[126.766596003,37.556674065],[126.770313738,37.55719272],[126.772077022,37.557001668],[126.773105111,37.557497466],[126.772010308,37.558802484],[126.775632501,37.561802948],[126.777924724,37.560111414],[126.777001933,37.563982325],[126.775014699,37.566006305],[126.774803143,37.567532134],[126.775633298,37.568163741],[126.776956478,37.566340983],[126.780526559,37.568328342],[126.782502685,37.570229799],[126.781970198,37.57168927],[126.781904967,37.571845435],[126.782574586,37.573347953],[126.782618857,37.573421924],[126.782702185,37.573560903],[126.782885701,37.573702149],[126.784581306,37.574671361],[126.787565647,37.575597894],[126.790056025,37.577570746],[126.790521981,37.58031454],[126.791744162,37.581144178],[126.792987466,37.579741977],[126.793695671,37.581540354],[126.793673636,37.581604551],[126.794815761,37.583312544],[126.795721803,37.583120642],[126.795907331,37.583157946],[126.795948854,37.583184107],[126.79626418,37.583449629],[126.796902985,37.584019024],[126.797025346,37.584180867],[126.797358309,37.5855833],[126.798338521,37.587792898],[126.798692135,37.588104365],[126.798827896,37.58822394],[126.799641649,37.588021546],[126.800677884,37.587898042],[126.800788045,37.588003511],[126.800881566,37.588752137],[126.800820075,37.58896877],[126.800809088,37.589007462],[126.800616175,37.58927334],[126.799063299,37.592108968],[126.797579125,37.59575731],[126.797534898,37.59587093],[126.797254093,37.59659249],[126.797108146,37.597280015],[126.797065403,37.597878643],[126.797061684,37.597930817],[126.797021707,37.598490668],[126.797102008,37.598911393],[126.797139117,37.599036863],[126.797231059,37.599342548],[126.797473442,37.599994079],[126.797614658,37.600261939],[126.797915837,37.600754868],[126.800353284,37.603817068],[126.800599861,37.604103585],[126.800934697,37.604336527],[126.801278015,37.604498547],[126.801852268,37.604648412],[126.802219646,37.604660725],[126.80236515,37.604651814],[126.802890565,37.604619623],[126.803514,37.604508384],[126.803969468,37.604413051],[126.804321059,37.604294571],[126.804935938,37.604021187],[126.805504913,37.603688637],[126.806641183,37.602791731],[126.806886726,37.602579106],[126.807192943,37.602312757],[126.809872777,37.599950063],[126.810012537,37.599824765],[126.810131222,37.599718354],[126.810995817,37.59894037],[126.811284249,37.598680666],[126.814080432,37.597592608],[126.816408866,37.595642297],[126.817593576,37.595294],[126.818580609,37.593586588],[126.823257261,37.590333506],[126.824525894,37.589400642],[126.826822666,37.587993131],[126.832093228,37.585766773],[126.85162866,37.573257089],[126.853557339,37.57180525],[126.855174225,37.569975619],[126.859501446,37.567325022],[126.863064436,37.565004424],[126.872029542,37.560038415],[126.880380764,37.556175762],[126.879315968,37.554833088],[126.879198285,37.55320291],[126.877989322,37.553426354],[126.878136154,37.551546859],[126.880713845,37.547870317],[126.879880674,37.547665485],[126.879404036,37.54754797],[126.878490688,37.547307941],[126.878135378,37.547214557],[126.877890884,37.547177215],[126.877813232,37.547165602],[126.877723335,37.547154916],[126.877368433,37.547114738],[126.87684617,37.547055658],[126.875013096,37.546955835],[126.874946379,37.54695239],[126.874891454,37.546949558],[126.874617548,37.546942447],[126.874018557,37.546926907],[126.873470608,37.546965688],[126.873003892,37.547019544],[126.872421557,37.547108839],[126.872062416,37.54721016],[126.871766966,37.547293513],[126.871163196,37.547490849],[126.870701948,37.54765176],[126.864982859,37.55092804],[126.864284736,37.551389512],[126.862931846,37.547017441],[126.862541025,37.545853741],[126.862425069,37.545432719],[126.862185111,37.544557695],[126.862174457,37.544475507],[126.862159445,37.544136871],[126.862294562,37.543744677],[126.862329928,37.543642052],[126.862343653,37.543602818],[126.862939034,37.542473491],[126.863672361,37.5392834],[126.863494837,37.535599316],[126.864011041,37.529799693],[126.858485425,37.529105044],[126.851964345,37.528284142],[126.848895563,37.527898819],[126.840485322,37.526537329]]]},"properties":{"SIG_CD":"11500","SIG_KOR_NM":"강서구","SIG_ENG_NM":"Gangseo-gu","ESRI_PK":10,"SHAPE_AREA":0.004229184,"SHAPE_LEN":0.374118605}},
{"type":"Feature","geometry":{"type":"Polygon","coordinates":[[[126.825970239,37.476847583],[126.82513205,37.476764291],[126.824192081,37.476176788],[126.82264846,37.475857982],[126.821679037,37.475305578],[126.821220822,37.476254379],[126.81922072,37.476157559],[126.819148764,37.475501013],[126.819502683,37.475114722],[126.818458254,37.475177592],[126.818666691,37.474134639],[126.817925555,37.473471203],[126.817838072,37.473154566],[126.817308537,37.473177196],[126.817094267,37.473592996],[126.81665821,37.473917649],[126.81590828,37.473991628],[126.815392253,37.474008216],[126.814753065,37.47466779],[126.814867991,37.475781574],[126.815292876,37.476450399],[126.816093836,37.476715403],[126.816070778,37.477119779],[126.816444749,37.477571664],[126.817053816,37.478117693],[126.818201041,37.478142904],[126.819567814,37.480276345],[126.819927975,37.48176183],[126.819454993,37.482710601],[126.819423323,37.483963741],[126.819389211,37.485369987],[126.819433864,37.485470078],[126.819508127,37.485557928],[126.820367607,37.485879457],[126.821192245,37.486154604],[126.821264136,37.486178678],[126.821296088,37.486190119],[126.822328002,37.486736863],[126.823185696,37.487502296],[126.823473382,37.487745298],[126.823028136,37.488075581],[126.822999946,37.488476792],[126.822740639,37.48998288],[126.820617462,37.490756289],[126.820259006,37.490843028],[126.820205272,37.490874437],[126.819411921,37.491243759],[126.818542886,37.491647737],[126.817857869,37.491583709],[126.815936723,37.492430191],[126.815586832,37.493074262],[126.814392049,37.493198832],[126.814294841,37.494633074],[126.812977318,37.496289618],[126.814001096,37.497196197],[126.814359468,37.498314275],[126.815172868,37.498044884],[126.81592677,37.49764012],[126.816507091,37.497813609],[126.818212361,37.498884776],[126.818951319,37.498693257],[126.819757426,37.499226525],[126.819377278,37.500496961],[126.820203008,37.501578549],[126.82159414,37.502061252],[126.821516871,37.503034933],[126.821945747,37.504525388],[126.822447828,37.506074994],[126.822237425,37.507600934],[126.824679337,37.50832832],[126.826266928,37.508748545],[126.826525022,37.508745123],[126.826971894,37.508587365],[126.830675004,37.507572982],[126.830642696,37.506834819],[126.832642301,37.50503104],[126.833876878,37.504083704],[126.834240755,37.50383409],[126.834337899,37.503767451],[126.83534805,37.50348358],[126.83569611,37.503386389],[126.83617154,37.503038662],[126.836417802,37.502457548],[126.836526431,37.500969803],[126.836456563,37.500771267],[126.836413997,37.500650319],[126.83688877,37.500630442],[126.838363685,37.500141951],[126.838381621,37.501474825],[126.838982804,37.502901198],[126.840617934,37.503993084],[126.8423284,37.504885943],[126.844538327,37.506438481],[126.845294394,37.507871008],[126.847181333,37.50879205],[126.851243181,37.510030125],[126.852902442,37.510576657],[126.85402427,37.510303379],[126.855074861,37.509923793],[126.856085846,37.509468511],[126.8581558,37.509945144],[126.859595712,37.507537277],[126.859681087,37.507394651],[126.860105679,37.506687327],[126.862459845,37.506686347],[126.862753453,37.506000723],[126.863167866,37.505251385],[126.863388549,37.505077937],[126.863528068,37.5049694],[126.864574478,37.505005978],[126.86963758,37.505399883],[126.871260675,37.505625985],[126.873478848,37.508523313],[126.878458148,37.51428214],[126.879473001,37.516771805],[126.881733415,37.515815023],[126.8885217,37.512664897],[126.889627546,37.512085856],[126.890288627,37.511667897],[126.890445101,37.51155829],[126.890675359,37.511331886],[126.890792361,37.511201839],[126.890899449,37.51108179],[126.891186874,37.510695691],[126.8912164,37.510656012],[126.891748068,37.509869357],[126.892969629,37.509461073],[126.895139231,37.508151587],[126.893855644,37.507478069],[126.893685127,37.504415462],[126.893403555,37.503134609],[126.893344458,37.502573213],[126.893338721,37.502517372],[126.893332039,37.5023099],[126.89332347,37.502021026],[126.89330991,37.501512819],[126.893324083,37.5011804],[126.893326495,37.501124222],[126.89344388,37.498412851],[126.893450821,37.498254023],[126.893526473,37.497723721],[126.894546251,37.494322393],[126.895370397,37.492104008],[126.895397266,37.492032182],[126.897417642,37.487758895],[126.897561063,37.487595129],[126.897702697,37.487476422],[126.898598055,37.486728351],[126.898835993,37.486590978],[126.90028269,37.485761197],[126.900450569,37.485665207],[126.902762918,37.485007806],[126.902907355,37.484991438],[126.902989383,37.484988472],[126.903226978,37.484986283],[126.899468525,37.480344417],[126.89895302,37.47895367],[126.896167556,37.478553109],[126.895863002,37.47845572],[126.8955979,37.478457745],[126.895557606,37.478458665],[126.895374623,37.478466742],[126.895214642,37.478473811],[126.894807881,37.478512289],[126.894413614,37.47857787],[126.89040927,37.479258083],[126.890198315,37.479295302],[126.890131058,37.479307349],[126.889928279,37.479348783],[126.889746497,37.479396625],[126.889519068,37.479459672],[126.889300722,37.479536286],[126.889077342,37.47962414],[126.888716941,37.479799104],[126.888531493,37.47989961],[126.888451773,37.479948826],[126.888339667,37.480018047],[126.888218698,37.480099164],[126.888161267,37.480137679],[126.887901521,37.480346152],[126.887838919,37.480397403],[126.887747718,37.480476998],[126.88762598,37.480591218],[126.887567226,37.480653134],[126.887496208,37.480728002],[126.887372748,37.480872958],[126.88718067,37.481106062],[126.885467752,37.482842415],[126.88227143,37.48502956],[126.880658853,37.485968676],[126.878102027,37.486293244],[126.877370981,37.485959273],[126.87708424,37.485838322],[126.876341062,37.485605692],[126.87551864,37.485477907],[126.875322255,37.485448206],[126.874742467,37.485382053],[126.875151724,37.486484989],[126.875285958,37.4885329],[126.872780306,37.488803551],[126.870046433,37.491917829],[126.869653242,37.492517421],[126.869612444,37.493401134],[126.868908242,37.495100292],[126.868305773,37.495103814],[126.86703984,37.492955179],[126.863091885,37.490958825],[126.861867343,37.490391214],[126.861720953,37.49027067],[126.861613924,37.490182534],[126.861255663,37.489825681],[126.859074005,37.487331762],[126.858337504,37.486487252],[126.858175079,37.486301592],[126.857704166,37.485899057],[126.856509189,37.485686379],[126.853482787,37.482639044],[126.853448447,37.482605055],[126.85324163,37.482404499],[126.853077893,37.48229206],[126.852564874,37.481941101],[126.851976241,37.481669721],[126.851891747,37.48163095],[126.851494804,37.481591591],[126.851085139,37.481552161],[126.850631628,37.481595864],[126.850012562,37.481656681],[126.848241345,37.482111121],[126.84817117,37.482214389],[126.848269601,37.482356896],[126.846483959,37.481704817],[126.846034209,37.479695689],[126.845944632,37.478212465],[126.845941546,37.478161747],[126.84588988,37.47743925],[126.84581619,37.476566781],[126.845550534,37.474529348],[126.845542269,37.474341072],[126.845539284,37.474273517],[126.845487982,37.474080604],[126.845327825,37.473803677],[126.845044068,37.473839285],[126.844618527,37.473929179],[126.844183988,37.474024899],[126.843606702,37.474429421],[126.843562715,37.474547642],[126.843468182,37.474692136],[126.843278239,37.474826608],[126.842912884,37.474897812],[126.842777682,37.47492072],[126.842708355,37.474927095],[126.842581851,37.474924137],[126.84243864,37.47489292],[126.84239604,37.474874593],[126.842367543,37.474858723],[126.84227808,37.474824425],[126.842168818,37.474800057],[126.842064198,37.47479056],[126.841967815,37.474819317],[126.841867389,37.474825518],[126.84174396,37.474795536],[126.841410742,37.474707302],[126.841007595,37.474615667],[126.840845602,37.474629411],[126.840129303,37.474740335],[126.839996709,37.474788042],[126.839775745,37.4749975],[126.839736063,37.475052477],[126.838841425,37.47546436],[126.838478164,37.475376698],[126.837330974,37.475133664],[126.837131324,37.47509941],[126.836903274,37.475060282],[126.836849626,37.475052095],[126.835792499,37.475256848],[126.833013963,37.477251414],[126.831793693,37.477574559],[126.829646336,37.47669358],[126.82928065,37.476247606],[126.828760307,37.476100435],[126.825970239,37.476847583]]]},"properties":{"SIG_CD":"11530","SIG_KOR_NM":"구로구","SIG_ENG_NM":"Guro-gu","ESRI_PK":5,"SHAPE_AREA":0.002047751,"SHAPE_LEN":0.295304137}},
{"type":"Feature","geometry":{"type":"Polygon","coordinates":[[[126.914119412,37.439890559],[126.914027375,37.439823628],[126.91235694,37.43858948],[126.91134537,37.437543507],[126.911315217,37.437490789],[126.911249465,37.437375015],[126.910820341,37.436599957],[126.910470991,37.435654036],[126.910381082,37.435409093],[126.909335413,37.43415999],[126.909114191,37.433992132],[126.908933073,37.433910698],[126.908734046,37.433821225],[126.90829341,37.433707476],[126.908203865,37.433684494],[126.907394243,37.433598188],[126.907237696,37.433593392],[126.904469392,37.434057831],[126.902790229,37.435513002],[126.901921855,37.436370486],[126.900490988,37.437360389],[126.899384127,37.438143444],[126.899344376,37.438190789],[126.899113794,37.438465434],[126.89907715,37.438518672],[126.899056609,37.43854852],[126.89894442,37.438713503],[126.898882875,37.438804525],[126.898777269,37.439111578],[126.898722702,37.4393096],[126.898796417,37.439367437],[126.899098556,37.439600623],[126.899116508,37.441041092],[126.898927045,37.442380906],[126.898511016,37.443866037],[126.898225618,37.444654367],[126.896123186,37.445846997],[126.895091642,37.448425475],[126.89482661,37.450848554],[126.894073763,37.452639505],[126.892628848,37.451918913],[126.892462639,37.451938339],[126.889707198,37.452324121],[126.889622864,37.452350726],[126.889526457,37.4525274],[126.889481113,37.452753461],[126.887170016,37.455571662],[126.886379084,37.456198509],[126.886202185,37.456572782],[126.885274024,37.460061852],[126.886055221,37.460642837],[126.886673982,37.460976686],[126.887618646,37.461129742],[126.887976548,37.461006533],[126.888224769,37.460899655],[126.888392124,37.460829539],[126.888598533,37.460833302],[126.888650743,37.460834257],[126.888679421,37.460846484],[126.888862024,37.460924359],[126.888955628,37.461058921],[126.889065717,37.461252155],[126.889099888,37.461395423],[126.889084635,37.461532801],[126.888650117,37.462473601],[126.886767131,37.464677716],[126.886065746,37.465482007],[126.885781813,37.465816188],[126.880654498,37.471850136],[126.879895798,37.472781973],[126.879861947,37.472826097],[126.879760775,37.472958705],[126.879498945,37.47330191],[126.879166653,37.47373845],[126.879007943,37.473955068],[126.878460316,37.474702568],[126.878146149,37.475176299],[126.877978595,37.475429005],[126.877821115,37.475667035],[126.877584668,37.47605112],[126.876657449,37.477561637],[126.876644038,37.477585939],[126.87629929,37.478214357],[126.876133742,37.478516762],[126.875724809,37.47928701],[126.875621454,37.479481688],[126.875156775,37.480445936],[126.874716848,37.481408059],[126.873909021,37.483333835],[126.873977418,37.485051251],[126.874742467,37.485382053],[126.875322255,37.485448206],[126.87551864,37.485477907],[126.876341062,37.485605692],[126.87708424,37.485838322],[126.877370981,37.485959273],[126.878102027,37.486293244],[126.880658853,37.485968676],[126.88227143,37.48502956],[126.885467752,37.482842415],[126.88718067,37.481106062],[126.887372748,37.480872958],[126.887496208,37.480728002],[126.887567226,37.480653134],[126.88762598,37.480591218],[126.887747718,37.480476998],[126.887838919,37.480397403],[126.887901521,37.480346152],[126.888161267,37.480137679],[126.888218698,37.480099164],[126.888339667,37.480018047],[126.888451773,37.479948826],[126.888531493,37.47989961],[126.888716941,37.479799104],[126.889077342,37.47962414],[126.889300722,37.479536286],[126.889519068,37.479459672],[126.889746497,37.479396625],[126.889928279,37.479348783],[126.890131058,37.479307349],[126.890198315,37.479295302],[126.89040927,37.479258083],[126.894413614,37.47857787],[126.894807881,37.478512289],[126.895214642,37.478473811],[126.895374623,37.478466742],[126.895557606,37.478458665],[126.8955979,37.478457745],[126.895863002,37.47845572],[126.896167556,37.478553109],[126.89895302,37.47895367],[126.899468525,37.480344417],[126.90067414,37.479326372],[126.902118714,37.479542129],[126.902472344,37.479607013],[126.903860778,37.4798619],[126.90530944,37.480128007],[126.906551588,37.480356572],[126.907497406,37.480531423],[126.908546325,37.480725964],[126.909723725,37.480949313],[126.908822841,37.479442643],[126.908824328,37.478864917],[126.909240046,37.478396154],[126.909485156,37.478202353],[126.91064849,37.478100873],[126.911259168,37.478143604],[126.911291639,37.478149399],[126.91162164,37.47816569],[126.911863384,37.477263283],[126.911937577,37.476905362],[126.91163955,37.475519168],[126.911346801,37.474736061],[126.910957752,37.473857272],[126.910934012,37.473819972],[126.910907456,37.473791375],[126.910872326,37.473754316],[126.910848489,37.47372941],[126.91080985,37.473699923],[126.910721261,37.473639767],[126.909881697,37.473260386],[126.909844346,37.473245553],[126.908228475,37.472625674],[126.908635637,37.472083517],[126.909007208,37.471213312],[126.910125244,37.469072539],[126.911617353,37.466627154],[126.911863948,37.466415625],[126.912399605,37.466010236],[126.912436172,37.465676914],[126.913748828,37.465282329],[126.913480728,37.464957636],[126.913030631,37.464401065],[126.912859407,37.463974322],[126.913962577,37.458644926],[126.914151282,37.458092598],[126.914833863,37.457667572],[126.918410725,37.457162674],[126.922468436,37.45724795],[126.922508909,37.456947318],[126.922430005,37.456731733],[126.922638427,37.455542954],[126.923055982,37.454634618],[126.923184056,37.45442793],[126.925301729,37.452880018],[126.927071754,37.451689801],[126.928749438,37.450192656],[126.928339837,37.449689283],[126.92535264,37.447518287],[126.923730655,37.446645081],[126.922123929,37.445170267],[126.921093315,37.444125276],[126.920960123,37.443623241],[126.919928523,37.44133886],[126.919898514,37.441291391],[126.919512628,37.440848955],[126.919429126,37.440775309],[126.918108195,37.439918151],[126.918054694,37.4398931],[126.917952916,37.439898233],[126.915219591,37.440056],[126.914874985,37.440088618],[126.914801023,37.440095616],[126.914333035,37.440039216],[126.914119412,37.439890559]]]},"properties":{"SIG_CD":"11545","SIG_KOR_NM":"금천구","SIG_ENG_NM":"Geumcheon-gu","ESRI_PK":4,"SHAPE_AREA":0.001281321,"SHAPE_LEN":0.190312579}},
{"type":"Feature","geometry":{"type":"Polygon","coordinates":[[[126.900450569,37.485665207],[126.90028269,37.485761197],[126.898835993,37.486590978],[126.898598055,37.486728351],[126.897702697,37.487476422],[126.897561063,37.487595129],[126.897417642,37.487758895],[126.895397266,37.492032182],[126.895370397,37.492104008],[126.894546251,37.494322393],[126.893526473,37.497723721],[126.893450821,37.498254023],[126.89344388,37.498412851],[126.893326495,37.501124222],[126.893324083,37.5011804],[126.89330991,37.501512819],[126.89332347,37.502021026],[126.893332039,37.5023099],[126.893338721,37.502517372],[126.893344458,37.502573213],[126.893403555,37.503134609],[126.893685127,37.504415462],[126.893855644,37.507478069],[126.895139231,37.508151587],[126.892969629,37.509461073],[126.891748068,37.509869357],[126.8912164,37.510656012],[126.891186874,37.510695691],[126.890899449,37.51108179],[126.890792361,37.511201839],[126.890675359,37.511331886],[126.890445101,37.51155829],[126.890288627,37.511667897],[126.889627546,37.512085856],[126.8885217,37.512664897],[126.881733415,37.515815023],[126.879473001,37.516771805],[126.879805484,37.521380567],[126.879822753,37.522195307],[126.88027658,37.524363136],[126.88048832,37.525147348],[126.880509928,37.525226275],[126.881372337,37.525999457],[126.881731886,37.52632158],[126.884756484,37.527403825],[126.885346095,37.527614205],[126.886029668,37.527925346],[126.886314371,37.528055268],[126.88658603,37.528309057],[126.886955963,37.528656871],[126.887053983,37.528780189],[126.887607778,37.529479353],[126.888481899,37.530720975],[126.890043579,37.530379716],[126.890540619,37.531500468],[126.888804673,37.532055578],[126.888798365,37.532828551],[126.890027571,37.533294531],[126.890252447,37.534674557],[126.88831999,37.536795538],[126.885523888,37.541836868],[126.885156943,37.543589609],[126.883247482,37.545556979],[126.880713845,37.547870317],[126.878136154,37.551546859],[126.877989322,37.553426354],[126.879198285,37.55320291],[126.879315968,37.554833088],[126.880380764,37.556175762],[126.890629749,37.55117327],[126.899000409,37.547915264],[126.901751561,37.545129715],[126.902179871,37.544066402],[126.904982927,37.54132021],[126.917103684,37.54142245],[126.922443225,37.541386008],[126.92302654,37.540594969],[126.927629955,37.539029583],[126.930262409,37.541319536],[126.935815953,37.538995851],[126.941213386,37.536451803],[126.944670251,37.533752152],[126.948643738,37.528547775],[126.949653741,37.526755777],[126.949615369,37.521163185],[126.94956205,37.517813555],[126.93939778,37.516136174],[126.933038656,37.51576455],[126.932153448,37.515654316],[126.926011168,37.516097881],[126.925164574,37.514900671],[126.926977681,37.513969929],[126.92706023,37.513929616],[126.927104117,37.512999173],[126.926843279,37.512890871],[126.926444772,37.512752607],[126.926411615,37.512741179],[126.925890992,37.512665415],[126.925845101,37.512659027],[126.925756766,37.512646736],[126.925395281,37.512652179],[126.925290499,37.512398849],[126.923825337,37.508698417],[126.922097739,37.504386013],[126.921979747,37.504098129],[126.921532054,37.503008679],[126.92135005,37.502565773],[126.921152399,37.502085185],[126.921115887,37.502007841],[126.921086299,37.501945214],[126.920917686,37.501590029],[126.920826767,37.50139855],[126.920230399,37.498511299],[126.920188245,37.498201251],[126.919812024,37.49782179],[126.919728002,37.497737047],[126.91970775,37.497716766],[126.919684497,37.497694019],[126.919507403,37.497647243],[126.919358501,37.497607915],[126.918410135,37.497359884],[126.918367124,37.49734955],[126.91652398,37.496960747],[126.916031264,37.49685691],[126.915796883,37.496810683],[126.915232105,37.496699726],[126.915105363,37.496675691],[126.915040032,37.496668355],[126.914546916,37.496616337],[126.914238891,37.49658439],[126.913777182,37.496534985],[126.912766724,37.496414837],[126.912525132,37.496385477],[126.912014549,37.49603816],[126.911816922,37.495903099],[126.911710737,37.4957392],[126.911262305,37.495048637],[126.910287298,37.493549183],[126.910009662,37.493213683],[126.909451087,37.492586776],[126.906330457,37.488926324],[126.903226978,37.484986283],[126.902989383,37.484988472],[126.902907355,37.484991438],[126.902762918,37.485007806],[126.900450569,37.485665207]]]},"properties":{"SIG_CD":"11560","SIG_KOR_NM":"영등포구","SIG_ENG_NM":"Yeongdeungpo-gu","ESRI_PK":23,"SHAPE_AREA":0.002466611,"SHAPE_LEN":0.259163457}},
{"type":"Feature","geometry":{"type":"Polygon","coordinates":[[[126.911154959,37.486469369],[126.910415887,37.486238091],[126.910379215,37.486226641],[126.909226172,37.485867098],[126.909081763,37.485822462],[126.908992746,37.485794949],[126.908717819,37.485711361],[126.907766778,37.485424464],[126.907462907,37.485346748],[126.906703672,37.48516492],[126.905963489,37.484988816],[126.905611518,37.484978033],[126.905133012,37.484965484],[126.903226978,37.484986283],[126.906330457,37.488926324],[126.909451087,37.492586776],[126.910009662,37.493213683],[126.910287298,37.493549183],[126.911262305,37.495048637],[126.911710737,37.4957392],[126.911816922,37.495903099],[126.912014549,37.49603816],[126.912525132,37.496385477],[126.912766724,37.496414837],[126.913777182,37.496534985],[126.914238891,37.49658439],[126.914546916,37.496616337],[126.915040032,37.496668355],[126.915105363,37.496675691],[126.915232105,37.496699726],[126.915796883,37.496810683],[126.916031264,37.49685691],[126.91652398,37.496960747],[126.918367124,37.49734955],[126.918410135,37.497359884],[126.919358501,37.497607915],[126.919507403,37.497647243],[126.919684497,37.497694019],[126.91970775,37.497716766],[126.919728002,37.497737047],[126.919812024,37.49782179],[126.920188245,37.498201251],[126.920230399,37.498511299],[126.920826767,37.50139855],[126.920917686,37.501590029],[126.921086299,37.501945214],[126.921115887,37.502007841],[126.921152399,37.502085185],[126.92135005,37.502565773],[126.921532054,37.503008679],[126.921979747,37.504098129],[126.922097739,37.504386013],[126.923825337,37.508698417],[126.925290499,37.512398849],[126.925395281,37.512652179],[126.925756766,37.512646736],[126.925845101,37.512659027],[126.925890992,37.512665415],[126.926411615,37.512741179],[126.926444772,37.512752607],[126.926843279,37.512890871],[126.927104117,37.512999173],[126.92706023,37.513929616],[126.926977681,37.513969929],[126.925164574,37.514900671],[126.926011168,37.516097881],[126.932153448,37.515654316],[126.933038656,37.51576455],[126.93939778,37.516136174],[126.94956205,37.517813555],[126.95719816,37.515413952],[126.961741803,37.512834699],[126.965849798,37.51051344],[126.974054746,37.507332872],[126.980131725,37.50649275],[126.9802974,37.504841185],[126.98031593,37.504004132],[126.98032595,37.503949284],[126.980391594,37.503596601],[126.980445185,37.50330962],[126.980703882,37.502743741],[126.981149473,37.502289585],[126.986200024,37.499037472],[126.986947323,37.498631738],[126.987842503,37.498608131],[126.98774761,37.498235234],[126.986249111,37.498576876],[126.984766492,37.499277876],[126.983488028,37.497546302],[126.983439803,37.497463842],[126.98336044,37.497326345],[126.983244866,37.497126107],[126.983077756,37.496759452],[126.983040088,37.496676786],[126.982960645,37.496501809],[126.982917515,37.496405842],[126.982900199,37.496352812],[126.982778137,37.495240227],[126.982771386,37.495039645],[126.982764971,37.494841319],[126.982747262,37.49428596],[126.982744572,37.494196984],[126.98273843,37.493980406],[126.982651565,37.490891747],[126.98208298,37.485386559],[126.982070169,37.48480591],[126.98180783,37.480588893],[126.981609755,37.477153301],[126.981722826,37.476364809],[126.979388068,37.476620158],[126.977274114,37.476579277],[126.976918618,37.47657207],[126.97515187,37.476305897],[126.974941484,37.476273739],[126.974830631,37.476255219],[126.973448331,37.476007953],[126.97270007,37.475873928],[126.9723675,37.475813846],[126.971963849,37.475718526],[126.97151786,37.475612876],[126.970945905,37.475476726],[126.970490596,37.475368335],[126.970186766,37.476625452],[126.969766161,37.47663394],[126.969592915,37.476637435],[126.96880182,37.476654161],[126.968212633,37.47730387],[126.967817548,37.477794459],[126.966820143,37.478582114],[126.965892457,37.479223441],[126.965320975,37.4795645],[126.964441911,37.480215131],[126.961344841,37.483485379],[126.961377171,37.483708612],[126.961386272,37.48375959],[126.961394234,37.48378974],[126.961406061,37.483820287],[126.962148067,37.4852388],[126.962139231,37.486471368],[126.962066898,37.487291275],[126.961067284,37.491129694],[126.961246538,37.492428386],[126.961237973,37.492559404],[126.961214344,37.493288233],[126.961198806,37.493388267],[126.960348441,37.493850955],[126.960227282,37.493887582],[126.959125179,37.493865641],[126.958948965,37.493790472],[126.958675889,37.492930678],[126.957370767,37.491811172],[126.957318217,37.491785359],[126.956713986,37.491554989],[126.956284552,37.491574439],[126.956106475,37.491582561],[126.954804274,37.491177762],[126.954041021,37.491039034],[126.953456348,37.491133785],[126.953396065,37.491158861],[126.951246819,37.492410797],[126.948517625,37.493676889],[126.947679773,37.493739747],[126.94739249,37.493909346],[126.943387976,37.492082217],[126.942828999,37.49223732],[126.941646202,37.492251953],[126.939509204,37.490876296],[126.939146821,37.491583313],[126.936121735,37.492404921],[126.933451646,37.493020842],[126.931115469,37.493418606],[126.929869514,37.494000734],[126.92918073,37.494390624],[126.929040821,37.494473324],[126.928920089,37.494543722],[126.928515379,37.494767104],[126.928475623,37.494788319],[126.928099766,37.49493635],[126.928036759,37.494946185],[126.927805306,37.494979992],[126.92772181,37.494988601],[126.927403235,37.49494875],[126.927365907,37.494930542],[126.926828574,37.494373602],[126.926600678,37.49412575],[126.926570752,37.494058255],[126.926550421,37.4940054],[126.926523363,37.493931169],[126.925827431,37.492606166],[126.924881201,37.490897298],[126.924300926,37.489964912],[126.918890706,37.489562143],[126.915968442,37.488762427],[126.91381518,37.487526333],[126.913323504,37.487247374],[126.913238884,37.487205302],[126.911154959,37.486469369]]]},"properties":{"SIG_CD":"11590","SIG_KOR_NM":"동작구","SIG_ENG_NM":"Dongjak-gu","ESRI_PK":3,"SHAPE_AREA":0.001683151,"SHAPE_LEN":0.240300464}},
{"type":"Feature","geometry":{"type":"Polygon","coordinates":[[[126.928749438,37.450192656],[126.927071754,37.451689801],[126.925301729,37.452880018],[126.923184056,37.45442793],[126.923055982,37.454634618],[126.922638427,37.455542954],[126.922430005,37.456731733],[126.922508909,37.456947318],[126.922468436,37.45724795],[126.918410725,37.457162674],[126.914833863,37.457667572],[126.914151282,37.458092598],[126.913962577,37.458644926],[126.912859407,37.463974322],[126.913030631,37.464401065],[126.913480728,37.464957636],[126.913748828,37.465282329],[126.912436172,37.465676914],[126.912399605,37.466010236],[126.911863948,37.466415625],[126.911617353,37.466627154],[126.910125244,37.469072539],[126.909007208,37.471213312],[126.908635637,37.472083517],[126.908228475,37.472625674],[126.909844346,37.473245553],[126.909881697,37.473260386],[126.910721261,37.473639767],[126.91080985,37.473699923],[126.910848489,37.47372941],[126.910872326,37.473754316],[126.910907456,37.473791375],[126.910934012,37.473819972],[126.910957752,37.473857272],[126.911346801,37.474736061],[126.91163955,37.475519168],[126.911937577,37.476905362],[126.911863384,37.477263283],[126.91162164,37.47816569],[126.911291639,37.478149399],[126.911259168,37.478143604],[126.91064849,37.478100873],[126.909485156,37.478202353],[126.909240046,37.478396154],[126.908824328,37.478864917],[126.908822841,37.479442643],[126.909723725,37.480949313],[126.908546325,37.480725964],[126.907497406,37.480531423],[126.906551588,37.480356572],[126.90530944,37.480128007],[126.903860778,37.4798619],[126.902472344,37.479607013],[126.902118714,37.479542129],[126.90067414,37.479326372],[126.899468525,37.480344417],[126.903226978,37.484986283],[126.905133012,37.484965484],[126.905611518,37.484978033],[126.905963489,37.484988816],[126.906703672,37.48516492],[126.907462907,37.485346748],[126.907766778,37.485424464],[126.908717819,37.485711361],[126.908992746,37.485794949],[126.909081763,37.485822462],[126.909226172,37.485867098],[126.910379215,37.486226641],[126.910415887,37.486238091],[126.911154959,37.486469369],[126.913238884,37.487205302],[126.913323504,37.487247374],[126.91381518,37.487526333],[126.915968442,37.488762427],[126.918890706,37.489562143],[126.924300926,37.489964912],[126.924881201,37.490897298],[126.925827431,37.492606166],[126.926523363,37.493931169],[126.926550421,37.4940054],[126.926570752,37.494058255],[126.926600678,37.49412575],[126.926828574,37.494373602],[126.927365907,37.494930542],[126.927403235,37.49494875],[126.92772181,37.494988601],[126.927805306,37.494979992],[126.928036759,37.494946185],[126.928099766,37.49493635],[126.928475623,37.494788319],[126.928515379,37.494767104],[126.928920089,37.494543722],[126.929040821,37.494473324],[126.92918073,37.494390624],[126.929869514,37.494000734],[126.931115469,37.493418606],[126.933451646,37.493020842],[126.936121735,37.492404921],[126.939146821,37.491583313],[126.939509204,37.490876296],[126.941646202,37.492251953],[126.942828999,37.49223732],[126.943387976,37.492082217],[126.94739249,37.493909346],[126.947679773,37.493739747],[126.948517625,37.493676889],[126.951246819,37.492410797],[126.953396065,37.491158861],[126.953456348,37.491133785],[126.954041021,37.491039034],[126.954804274,37.491177762],[126.956106475,37.491582561],[126.956284552,37.491574439],[126.956713986,37.491554989],[126.957318217,37.491785359],[126.957370767,37.491811172],[126.958675889,37.492930678],[126.958948965,37.493790472],[126.959125179,37.493865641],[126.960227282,37.493887582],[126.960348441,37.493850955],[126.961198806,37.493388267],[126.961214344,37.493288233],[126.961237973,37.492559404],[126.961246538,37.492428386],[126.961067284,37.491129694],[126.962066898,37.487291275],[126.962139231,37.486471368],[126.962148067,37.4852388],[126.961406061,37.483820287],[126.961394234,37.48378974],[126.961386272,37.48375959],[126.961377171,37.483708612],[126.961344841,37.483485379],[126.964441911,37.480215131],[126.965320975,37.4795645],[126.965892457,37.479223441],[126.966820143,37.478582114],[126.967817548,37.477794459],[126.968212633,37.47730387],[126.96880182,37.476654161],[126.969592915,37.476637435],[126.969766161,37.47663394],[126.970186766,37.476625452],[126.970490596,37.475368335],[126.970945905,37.475476726],[126.97151786,37.475612876],[126.971963849,37.475718526],[126.9723675,37.475813846],[126.97270007,37.475873928],[126.973448331,37.476007953],[126.974830631,37.476255219],[126.974941484,37.476273739],[126.97515187,37.476305897],[126.976918618,37.47657207],[126.977274114,37.476579277],[126.979388068,37.476620158],[126.981722826,37.476364809],[126.981766437,37.475834036],[126.981860324,37.474698129],[126.981949248,37.474423171],[126.982537541,37.472770535],[126.982553313,37.472743248],[126.982651276,37.47257386],[126.983234957,37.47157027],[126.983780985,37.470798612],[126.984527623,37.469744953],[126.985429037,37.468976036],[126.986665493,37.46800569],[126.986710972,37.467969833],[126.986862998,37.467849972],[126.987131087,37.467514216],[126.987389081,37.467190926],[126.987591572,37.466937116],[126.987807268,37.466405093],[126.988163829,37.46552443],[126.988234454,37.463872989],[126.988021523,37.462762263],[126.98792118,37.462241291],[126.987639232,37.461303778],[126.987467277,37.46040934],[126.987639488,37.459401903],[126.988620468,37.45813532],[126.986836167,37.457407531],[126.982355746,37.455158242],[126.978660607,37.451899333],[126.97405695,37.447653798],[126.973983145,37.447599379],[126.970812222,37.447461295],[126.968697196,37.44679043],[126.968608022,37.446790029],[126.968478162,37.446789445],[126.968272159,37.446766606],[126.968107502,37.446748343],[126.96556631,37.44609691],[126.965409139,37.446042117],[126.96456163,37.445690129],[126.96450282,37.445647336],[126.964410506,37.445580154],[126.964355381,37.445485233],[126.96432325,37.445429906],[126.963992526,37.444850479],[126.963827375,37.444220956],[126.963832806,37.443957331],[126.963851963,37.443847001],[126.963866297,37.443766331],[126.963872574,37.443731044],[126.963912807,37.443593416],[126.963962379,37.44342386],[126.964049854,37.44304681],[126.964083434,37.442795707],[126.964111887,37.442472471],[126.96409813,37.442299626],[126.964089187,37.442187312],[126.963982841,37.442040358],[126.963803256,37.440768203],[126.963020536,37.44031422],[126.95997533,37.440261172],[126.959246123,37.439200293],[126.955247101,37.438594411],[126.952590084,37.439208828],[126.951023966,37.438418196],[126.948223293,37.438522657],[126.946900523,37.438046458],[126.944918575,37.437038382],[126.941403688,37.437413502],[126.940212826,37.435723632],[126.938638576,37.436049094],[126.937269795,37.438451438],[126.937846333,37.440177581],[126.935370159,37.442848797],[126.933891181,37.443546751],[126.930512914,37.445293092],[126.930259426,37.446329826],[126.930325092,37.447387685],[126.931025722,37.447820686],[126.928749438,37.450192656]]]},"properties":{"SIG_CD":"11620","SIG_KOR_NM":"관악구","SIG_ENG_NM":"Gwanak-gu","ESRI_PK":15,"SHAPE_AREA":0.003063518,"SHAPE_LEN":0.266605591}},
{"type":"Feature","geometry":{"type":"Polygon","coordinates":[[[126.996958517,37.462500942],[126.99683201,37.462184926],[126.991761979,37.459672087],[126.988620468,37.45813532],[126.987639488,37.459401903],[126.987467277,37.46040934],[126.987639232,37.461303778],[126.98792118,37.462241291],[126.988021523,37.462762263],[126.988234454,37.463872989],[126.988163829,37.46552443],[126.987807268,37.466405093],[126.987591572,37.466937116],[126.987389081,37.467190926],[126.987131087,37.467514216],[126.986862998,37.467849972],[126.986710972,37.467969833],[126.986665493,37.46800569],[126.985429037,37.468976036],[126.984527623,37.469744953],[126.983780985,37.470798612],[126.983234957,37.47157027],[126.982651276,37.47257386],[126.982553313,37.472743248],[126.982537541,37.472770535],[126.981949248,37.474423171],[126.981860324,37.474698129],[126.981766437,37.475834036],[126.981722826,37.476364809],[126.981609755,37.477153301],[126.98180783,37.480588893],[126.982070169,37.48480591],[126.98208298,37.485386559],[126.982651565,37.490891747],[126.98273843,37.493980406],[126.982744572,37.494196984],[126.982747262,37.49428596],[126.982764971,37.494841319],[126.982771386,37.495039645],[126.982778137,37.495240227],[126.982900199,37.496352812],[126.982917515,37.496405842],[126.982960645,37.496501809],[126.983040088,37.496676786],[126.983077756,37.496759452],[126.983244866,37.497126107],[126.98336044,37.497326345],[126.983439803,37.497463842],[126.983488028,37.497546302],[126.984766492,37.499277876],[126.986249111,37.498576876],[126.98774761,37.498235234],[126.987842503,37.498608131],[126.986947323,37.498631738],[126.986200024,37.499037472],[126.981149473,37.502289585],[126.980703882,37.502743741],[126.980445185,37.50330962],[126.980391594,37.503596601],[126.98032595,37.503949284],[126.98031593,37.504004132],[126.9802974,37.504841185],[126.980131725,37.50649275],[126.980734379,37.506568528],[126.985677357,37.506631941],[126.990616669,37.513025434],[126.995941489,37.515742141],[127.000387319,37.517949079],[127.004427431,37.520261175],[127.007972175,37.524588977],[127.011868114,37.527841004],[127.014602276,37.525508753],[127.016613527,37.523376285],[127.017073601,37.522886929],[127.017201438,37.52269704],[127.017609207,37.522090292],[127.01798137,37.521301999],[127.018283465,37.520519052],[127.0189154,37.518574944],[127.019025196,37.518237139],[127.019478305,37.516341954],[127.019441053,37.515987245],[127.019856873,37.5150408],[127.021307993,37.511167955],[127.020350038,37.510805203],[127.021374834,37.511029318],[127.024470047,37.504571876],[127.024495845,37.504518106],[127.026485789,37.500368584],[127.027635107,37.497964304],[127.031623256,37.489540077],[127.033777476,37.485099255],[127.033967943,37.484797249],[127.041345845,37.485570528],[127.04153663,37.485089545],[127.043942189,37.479710478],[127.044574874,37.478194122],[127.044688652,37.477966967],[127.045029952,37.477286626],[127.049152046,37.473318915],[127.050712706,37.471822449],[127.051057455,37.471491354],[127.050393672,37.471039302],[127.049580585,37.470487492],[127.05006993,37.470099525],[127.053810697,37.468731242],[127.05416108,37.468631179],[127.054527186,37.468526632],[127.056206655,37.468385353],[127.056748552,37.468420061],[127.06161166,37.468958741],[127.062163187,37.46964695],[127.06228042,37.470225799],[127.062531891,37.472842471],[127.069243633,37.473885725],[127.069758049,37.474776569],[127.070813752,37.47483449],[127.072653177,37.474799469],[127.073913207,37.4728582],[127.075943591,37.473795036],[127.07615173,37.473987323],[127.077162389,37.475009467],[127.078335229,37.474857064],[127.079040123,37.474826903],[127.07924792,37.474829897],[127.080351008,37.474885648],[127.081023046,37.475169709],[127.081632552,37.475262005],[127.082188454,37.475331575],[127.083001741,37.475387403],[127.083872264,37.475445681],[127.084046755,37.475436596],[127.085161822,37.47527334],[127.085069142,37.474941367],[127.084491581,37.472872211],[127.084902246,37.472111217],[127.085198585,37.471562083],[127.08621167,37.470363484],[127.088764518,37.46807387],[127.093360179,37.464396428],[127.09403592,37.463987503],[127.095016554,37.463657362],[127.095995969,37.462499079],[127.096086471,37.462228978],[127.096257125,37.461642546],[127.096317634,37.461432022],[127.095866597,37.461062083],[127.095406447,37.46028984],[127.094627319,37.458781887],[127.094945825,37.458424686],[127.095121768,37.458300224],[127.09428333,37.456523908],[127.093069304,37.454818403],[127.092138546,37.45362283],[127.091380121,37.453307291],[127.090960051,37.452977965],[127.09082305,37.45283101],[127.089687208,37.451197858],[127.088324242,37.448637307],[127.088193025,37.446369178],[127.087989623,37.44506152],[127.08565036,37.445027428],[127.08554647,37.444987791],[127.085426842,37.444942141],[127.084127047,37.44399677],[127.083942205,37.4438181],[127.083229979,37.442546913],[127.082573971,37.441462955],[127.082311191,37.441199503],[127.081577482,37.44100424],[127.08128636,37.440981351],[127.081217309,37.440975923],[127.081001202,37.440959384],[127.077336604,37.441806017],[127.077078394,37.441972919],[127.077040192,37.441997624],[127.076738196,37.442176817],[127.076329964,37.442274505],[127.074757793,37.442418711],[127.072423819,37.442353117],[127.072370911,37.442325596],[127.07215028,37.442207899],[127.071920093,37.442085102],[127.071787126,37.441942402],[127.071762081,37.441915523],[127.071680849,37.441827786],[127.071651131,37.441795689],[127.0716622,37.441702131],[127.071678601,37.441563686],[127.071968679,37.440005369],[127.073377725,37.439340069],[127.072630762,37.436389892],[127.071430144,37.435201371],[127.070920125,37.43185093],[127.070456308,37.430063405],[127.069347971,37.430424428],[127.068160156,37.430576356],[127.066746463,37.43013099],[127.066014163,37.429594241],[127.065782909,37.429269088],[127.065701636,37.429154802],[127.065694429,37.429116891],[127.065674257,37.429010707],[127.065531987,37.429022975],[127.06537878,37.429036437],[127.064668611,37.429145089],[127.064285686,37.429203673],[127.063156027,37.429706561],[127.06188372,37.429833642],[127.057969989,37.430133722],[127.057888508,37.430135373],[127.054593053,37.429414299],[127.050893486,37.429654938],[127.04986524,37.430311281],[127.0489638,37.430552341],[127.047467045,37.430871096],[127.047263794,37.431897897],[127.047242882,37.431969368],[127.047194952,37.432067767],[127.047093708,37.432221739],[127.046986448,37.432318225],[127.046958873,37.432343556],[127.046830746,37.432483255],[127.046736118,37.43259331],[127.046653404,37.432720311],[127.046606187,37.43280704],[127.046552412,37.432927788],[127.04649357,37.433101653],[127.046470386,37.433197335],[127.046428392,37.43336618],[127.046410379,37.433423573],[127.046390943,37.433484341],[127.046343184,37.433554014],[127.04628209,37.433610115],[127.046192799,37.433661583],[127.046160369,37.433678413],[127.046041225,37.433720735],[127.045591765,37.433863227],[127.04542862,37.43390482],[127.045391521,37.433914286],[127.045354286,37.433929403],[127.045229348,37.433980138],[127.045123076,37.434031918],[127.045045826,37.434069569],[127.044928105,37.434143478],[127.044859285,37.434192789],[127.04477513,37.434259995],[127.044722613,37.434303212],[127.044664721,37.434356539],[127.044596355,37.434446413],[127.044575096,37.434481466],[127.044542819,37.434536343],[127.044496419,37.434648178],[127.044473282,37.434703955],[127.044453522,37.434771311],[127.044438648,37.434823253],[127.044351904,37.435030234],[127.044295526,37.43512466],[127.044217867,37.435231398],[127.044099849,37.435353755],[127.044067866,37.435386306],[127.043710506,37.435715054],[127.041059974,37.438114827],[127.040974838,37.438173085],[127.040867898,37.438214358],[127.04052429,37.438339611],[127.040007139,37.438483675],[127.039906027,37.438497929],[127.039811336,37.43850094],[127.039706132,37.438489264],[127.039581893,37.438471879],[127.039015502,37.438434743],[127.037481433,37.438474946],[127.037387497,37.438482059],[127.037311792,37.438487802],[127.037168154,37.438522168],[127.035864265,37.4391559],[127.035839033,37.439185329],[127.035799432,37.439271705],[127.03547271,37.440437684],[127.035460236,37.440487922],[127.03544843,37.44053618],[127.035419968,37.440740562],[127.035410404,37.440828399],[127.035393001,37.440988332],[127.035392887,37.441120157],[127.035413114,37.441172669],[127.036515732,37.441895235],[127.03660158,37.441951907],[127.036654006,37.441987599],[127.036711312,37.442031207],[127.036759748,37.442083225],[127.036813048,37.442147656],[127.037569215,37.443454103],[127.038000661,37.44422883],[127.038086457,37.444410566],[127.038151902,37.444568561],[127.038175572,37.444626115],[127.038203377,37.444700587],[127.038212404,37.44472541],[127.03832278,37.445160751],[127.038368269,37.445462887],[127.0383699,37.44553968],[127.038358634,37.445651009],[127.037887456,37.449078869],[127.037876516,37.449135162],[127.035834735,37.457545919],[127.035624142,37.457513184],[127.035475768,37.45752467],[127.035408448,37.457531715],[127.03516222,37.457618765],[127.034924643,37.45786796],[127.03378481,37.460030494],[127.033429464,37.461075225],[127.034005666,37.46235539],[127.034069889,37.462476508],[127.034366125,37.463035106],[127.034734914,37.463847832],[127.03457549,37.4640364],[127.034368145,37.464189969],[127.034067825,37.464410746],[127.033142412,37.465023402],[127.032721171,37.465252711],[127.031268938,37.465775357],[127.029861118,37.465445301],[127.030076097,37.464184246],[127.029993067,37.463899986],[127.02986236,37.463453552],[127.026104979,37.458510144],[127.025803613,37.458361093],[127.024692131,37.457811473],[127.023376794,37.457284511],[127.02261692,37.456980613],[127.02184503,37.456678915],[127.021596896,37.456582141],[127.020533872,37.456167712],[127.017859172,37.455608124],[127.016171062,37.455369123],[127.011060327,37.455388651],[127.005155755,37.463060597],[127.00417124,37.464778074],[127.003421942,37.467259345],[126.999747343,37.467159307],[126.996275104,37.466717491],[126.99646108,37.464804059],[126.997219498,37.463936599],[126.997161565,37.463524853],[126.996958517,37.462500942]]]},"properties":{"SIG_CD":"11650","SIG_KOR_NM":"서초구","SIG_ENG_NM":"Seocho-gu","ESRI_PK":16,"SHAPE_AREA":0.004818021,"SHAPE_LEN":0.422019355}},
{"type":"Feature","geometry":{"type":"Polygon","coordinates":[[[127.056206655,37.468385353],[127.054527186,37.468526632],[127.05416108,37.468631179],[127.053810697,37.468731242],[127.05006993,37.470099525],[127.049580585,37.470487492],[127.050393672,37.471039302],[127.051057455,37.471491354],[127.050712706,37.471822449],[127.049152046,37.473318915],[127.045029952,37.477286626],[127.044688652,37.477966967],[127.044574874,37.478194122],[127.043942189,37.479710478],[127.04153663,37.485089545],[127.041345845,37.485570528],[127.033967943,37.484797249],[127.033777476,37.485099255],[127.031623256,37.489540077],[127.027635107,37.497964304],[127.026485789,37.500368584],[127.024495845,37.504518106],[127.024470047,37.504571876],[127.021374834,37.511029318],[127.020350038,37.510805203],[127.021307993,37.511167955],[127.019856873,37.5150408],[127.019441053,37.515987245],[127.019478305,37.516341954],[127.019025196,37.518237139],[127.0189154,37.518574944],[127.018283465,37.520519052],[127.01798137,37.521301999],[127.017609207,37.522090292],[127.017201438,37.52269704],[127.017073601,37.522886929],[127.016613527,37.523376285],[127.014602276,37.525508753],[127.011868114,37.527841004],[127.012609175,37.528312769],[127.015457088,37.530701809],[127.016374535,37.53147172],[127.017038226,37.532028921],[127.018222147,37.533022839],[127.019512571,37.534105214],[127.020059302,37.534562621],[127.020181905,37.534642005],[127.020924409,37.535119357],[127.021564918,37.535530969],[127.035901091,37.535838189],[127.04030827,37.535897205],[127.046668706,37.533999728],[127.049058422,37.532552153],[127.056566563,37.529101174],[127.060252001,37.527521809],[127.065264905,37.525603516],[127.066961858,37.525081394],[127.06649665,37.520929725],[127.067158256,37.519980436],[127.06838148,37.512306473],[127.068440961,37.511434626],[127.068463141,37.510284349],[127.068803497,37.51000279],[127.06942505,37.506448711],[127.069712551,37.505387768],[127.069806449,37.505044467],[127.069993569,37.504808559],[127.070019428,37.504775961],[127.071212489,37.503516141],[127.072488508,37.502617514],[127.072659409,37.502497215],[127.072911959,37.502319812],[127.073181331,37.502130608],[127.075490886,37.50120047],[127.083629002,37.49926446],[127.090470004,37.497473249],[127.0967407,37.495830863],[127.101965305,37.493637812],[127.102116937,37.493576039],[127.102220387,37.493533888],[127.103647158,37.492733091],[127.104369916,37.492297226],[127.104799025,37.492037267],[127.105682534,37.4914149],[127.108139643,37.489309596],[127.110191713,37.486878883],[127.111562867,37.484558106],[127.112275792,37.483538527],[127.11217664,37.483435671],[127.111977708,37.483318905],[127.111740379,37.483179603],[127.111389707,37.483048879],[127.111097598,37.482940881],[127.111035418,37.482935043],[127.111090067,37.482894662],[127.111695422,37.482440337],[127.114589692,37.478524589],[127.118799506,37.472796333],[127.119605286,37.471682363],[127.120537815,37.470378381],[127.121514008,37.468818768],[127.122182118,37.467517305],[127.122297861,37.466764412],[127.122423694,37.465859563],[127.122403464,37.465596416],[127.122363021,37.465451167],[127.122293371,37.465213542],[127.121847075,37.46502866],[127.117460488,37.462171657],[127.117180275,37.461822596],[127.11707995,37.461539467],[127.116993042,37.461259762],[127.116952599,37.461012881],[127.116929025,37.460786336],[127.116900079,37.460502312],[127.11678265,37.459139739],[127.116747136,37.458594297],[127.115601715,37.458595083],[127.113643933,37.459737943],[127.113245933,37.460035219],[127.112878251,37.460484698],[127.113008595,37.460576245],[127.113218359,37.460723548],[127.113295448,37.460777323],[127.113367669,37.46082782],[127.113396777,37.461071095],[127.112020394,37.461560146],[127.111283923,37.461707578],[127.108261396,37.462167993],[127.106641652,37.462475279],[127.10630703,37.462538387],[127.104733059,37.462148925],[127.104480335,37.461021371],[127.103955834,37.460105853],[127.103501834,37.45962548],[127.100557227,37.459051082],[127.098214452,37.458794137],[127.096848269,37.459607475],[127.096317634,37.461432022],[127.096257125,37.461642546],[127.096086471,37.462228978],[127.095995969,37.462499079],[127.095016554,37.463657362],[127.09403592,37.463987503],[127.093360179,37.464396428],[127.088764518,37.46807387],[127.08621167,37.470363484],[127.085198585,37.471562083],[127.084902246,37.472111217],[127.084491581,37.472872211],[127.085069142,37.474941367],[127.085161822,37.47527334],[127.084046755,37.475436596],[127.083872264,37.475445681],[127.083001741,37.475387403],[127.082188454,37.475331575],[127.081632552,37.475262005],[127.081023046,37.475169709],[127.080351008,37.474885648],[127.07924792,37.474829897],[127.079040123,37.474826903],[127.078335229,37.474857064],[127.077162389,37.475009467],[127.07615173,37.473987323],[127.075943591,37.473795036],[127.073913207,37.4728582],[127.072653177,37.474799469],[127.070813752,37.47483449],[127.069758049,37.474776569],[127.069243633,37.473885725],[127.062531891,37.472842471],[127.06228042,37.470225799],[127.062163187,37.46964695],[127.06161166,37.468958741],[127.056748552,37.468420061],[127.056206655,37.468385353]]]},"properties":{"SIG_CD":"11680","SIG_KOR_NM":"강남구","SIG_ENG_NM":"Gangnam-gu","ESRI_PK":9,"SHAPE_AREA":0.003900791,"SHAPE_LEN":0.326595488}},
{"type":"Feature","geometry":{"type":"Polygon","coordinates":[[[127.105682534,37.4914149],[127.104799025,37.492037267],[127.104369916,37.492297226],[127.103647158,37.492733091],[127.102220387,37.493533888],[127.102116937,37.493576039],[127.101965305,37.493637812],[127.0967407,37.495830863],[127.090470004,37.497473249],[127.083629002,37.49926446],[127.075490886,37.50120047],[127.073181331,37.502130608],[127.072911959,37.502319812],[127.072659409,37.502497215],[127.072488508,37.502617514],[127.071212489,37.503516141],[127.070019428,37.504775961],[127.069993569,37.504808559],[127.069806449,37.505044467],[127.069712551,37.505387768],[127.06942505,37.506448711],[127.068803497,37.51000279],[127.068463141,37.510284349],[127.068440961,37.511434626],[127.06838148,37.512306473],[127.067158256,37.519980436],[127.06649665,37.520929725],[127.066961858,37.525081394],[127.072576923,37.523776864],[127.072854602,37.523712511],[127.076946955,37.523593173],[127.077580184,37.52357515],[127.079890077,37.523866189],[127.082364636,37.524178047],[127.083421338,37.524311349],[127.084285076,37.524420302],[127.085590417,37.524742618],[127.087594316,37.525245378],[127.088519622,37.525490863],[127.090437874,37.526002273],[127.092250742,37.526786029],[127.09811754,37.527558708],[127.09895717,37.527953653],[127.1032018,37.534665067],[127.104158226,37.53600341],[127.109564377,37.543469981],[127.117117185,37.541344981],[127.11838976,37.540963771],[127.118431798,37.540951053],[127.118500297,37.540930327],[127.118597879,37.540893281],[127.11908368,37.540706872],[127.119515053,37.540464896],[127.119598552,37.540408074],[127.119794817,37.540272862],[127.120464963,37.539811091],[127.121417134,37.539266574],[127.121479321,37.539231187],[127.121610118,37.539156776],[127.123211433,37.538528694],[127.122432617,37.53626493],[127.121260836,37.533107548],[127.120719827,37.53131725],[127.119161314,37.528065646],[127.12874186,37.523790961],[127.133908382,37.521540208],[127.139418434,37.519138137],[127.140830346,37.518505854],[127.14320545,37.517443815],[127.144613051,37.516960198],[127.144879356,37.516801368],[127.145408127,37.516485994],[127.145404619,37.516330498],[127.145398656,37.516096226],[127.144662945,37.515546935],[127.141132125,37.515644648],[127.143287429,37.513978776],[127.143524401,37.512689023],[127.14258478,37.512754155],[127.142061408,37.512790464],[127.141125305,37.51232372],[127.140269586,37.509902479],[127.140246062,37.509831867],[127.139971963,37.508593914],[127.140226745,37.508394174],[127.141283128,37.506942924],[127.141160804,37.506307742],[127.140934759,37.505701944],[127.141043364,37.50556734],[127.141135439,37.505453958],[127.143011677,37.504670952],[127.143398437,37.504516762],[127.143561454,37.504451779],[127.144372176,37.504387702],[127.14506294,37.503652962],[127.145133945,37.503591206],[127.145236892,37.503502506],[127.145603522,37.503430371],[127.146052124,37.503369747],[127.147686145,37.503269912],[127.148643459,37.503729015],[127.149287447,37.504073446],[127.150122651,37.504509703],[127.150840153,37.504105086],[127.151673022,37.503372935],[127.151903243,37.503149932],[127.152061234,37.503110305],[127.152150943,37.503088161],[127.152632337,37.503119999],[127.152824963,37.50305747],[127.153013041,37.502909298],[127.153213175,37.502752147],[127.153468282,37.502749146],[127.153596452,37.502747638],[127.153718698,37.50275025],[127.153963403,37.502755474],[127.15415179,37.502691803],[127.154564692,37.502551047],[127.155317529,37.502294104],[127.15616532,37.502004723],[127.156471221,37.501900866],[127.156648569,37.502085034],[127.15761697,37.503088357],[127.157869055,37.503011344],[127.160552525,37.501145379],[127.161378216,37.500250659],[127.161377285,37.49983063],[127.161376156,37.499612047],[127.160563198,37.497695445],[127.16009543,37.497160051],[127.160054019,37.494595545],[127.160051281,37.494523383],[127.16004833,37.494445677],[127.160028866,37.494384544],[127.159977224,37.494222385],[127.159806099,37.49376107],[127.159743528,37.493604278],[127.158418487,37.490695557],[127.158201335,37.490458574],[127.157678866,37.490166398],[127.15729726,37.489628647],[127.157638641,37.489142801],[127.152250348,37.48624578],[127.15196318,37.486578773],[127.149839721,37.48527064],[127.148742667,37.483985814],[127.147719687,37.481750241],[127.147399572,37.477217807],[127.144244945,37.477324717],[127.144189117,37.476559407],[127.143898493,37.475995376],[127.143538365,37.475245571],[127.143445257,37.474104188],[127.137153258,37.474343176],[127.13258889,37.474846852],[127.132371286,37.471227677],[127.132290404,37.470280829],[127.131867021,37.469734175],[127.132676217,37.468233953],[127.13095922,37.467699267],[127.130564481,37.467628466],[127.129870559,37.46790743],[127.128730647,37.467908749],[127.128690188,37.467926424],[127.12863078,37.467952377],[127.128197284,37.468142554],[127.126589295,37.468850645],[127.125773355,37.469205275],[127.125066662,37.468901077],[127.123827258,37.466298949],[127.122293371,37.465213542],[127.122363021,37.465451167],[127.122403464,37.465596416],[127.122423694,37.465859563],[127.122297861,37.466764412],[127.122182118,37.467517305],[127.121514008,37.468818768],[127.120537815,37.470378381],[127.119605286,37.471682363],[127.118799506,37.472796333],[127.114589692,37.478524589],[127.111695422,37.482440337],[127.111090067,37.482894662],[127.111035418,37.482935043],[127.111097598,37.482940881],[127.111389707,37.483048879],[127.111740379,37.483179603],[127.111977708,37.483318905],[127.11217664,37.483435671],[127.112275792,37.483538527],[127.111562867,37.484558106],[127.110191713,37.486878883],[127.108139643,37.489309596],[127.105682534,37.4914149]]]},"properties":{"SIG_CD":"11710","SIG_KOR_NM":"송파구","SIG_ENG_NM":"Songpa-gu","ESRI_PK":19,"SHAPE_AREA":0.003428938,"SHAPE_LEN":0.308548043}},
{"type":"Feature","geometry":{"type":"Polygon","coordinates":[[[127.144837842,37.518030112],[127.144875955,37.517769796],[127.144907273,37.51755598],[127.145009239,37.516933222],[127.144613051,37.516960198],[127.14320545,37.517443815],[127.140830346,37.518505854],[127.139418434,37.519138137],[127.133908382,37.521540208],[127.12874186,37.523790961],[127.119161314,37.528065646],[127.120719827,37.53131725],[127.121260836,37.533107548],[127.122432617,37.53626493],[127.123211433,37.538528694],[127.121610118,37.539156776],[127.121479321,37.539231187],[127.121417134,37.539266574],[127.120464963,37.539811091],[127.119794817,37.540272862],[127.119598552,37.540408074],[127.119515053,37.540464896],[127.11908368,37.540706872],[127.118597879,37.540893281],[127.118500297,37.540930327],[127.118431798,37.540951053],[127.11838976,37.540963771],[127.117117185,37.541344981],[127.109564377,37.543469981],[127.110886522,37.545474847],[127.11156851,37.546509648],[127.112071859,37.547545607],[127.112223303,37.548341576],[127.112444475,37.549507275],[127.113070432,37.551331189],[127.113342981,37.551996632],[127.11335708,37.552031046],[127.113889394,37.553330367],[127.113892166,37.555123654],[127.11389426,37.556661955],[127.11389689,37.558598799],[127.113769178,37.558885489],[127.11348439,37.560250638],[127.113928724,37.560161956],[127.114408024,37.560066294],[127.114994046,37.559949011],[127.115482649,37.55985122],[127.116507982,37.559996068],[127.116682596,37.560020737],[127.116824265,37.560170668],[127.117583588,37.560974594],[127.119355508,37.562657962],[127.120765867,37.563506391],[127.121746498,37.563994419],[127.122280959,37.564254548],[127.122364152,37.564283297],[127.131375901,37.567454116],[127.131462081,37.567487059],[127.131735446,37.567592694],[127.131834337,37.56763131],[127.132066021,37.567723051],[127.132277461,37.567807301],[127.132771653,37.568007163],[127.132980718,37.568093442],[127.133222273,37.568193341],[127.133824685,37.568445201],[127.145411374,37.56826622],[127.149242376,37.568486589],[127.1529068,37.570670191],[127.162277488,37.57642178],[127.166623797,37.578920276],[127.168566219,37.578946639],[127.171920032,37.579419762],[127.173952945,37.579582004],[127.175010545,37.580052496],[127.176936545,37.580710118],[127.177667258,37.580834942],[127.177379706,37.580216732],[127.176973079,37.579455015],[127.175509752,37.578379611],[127.175460339,37.578022314],[127.175403992,37.577611116],[127.17535949,37.577286309],[127.175817407,37.574847159],[127.175919383,37.574607346],[127.176059104,37.574278844],[127.176139,37.574134847],[127.177822987,37.5714692],[127.17911365,37.569147786],[127.179232903,37.568817431],[127.17924265,37.568762772],[127.17925539,37.568691302],[127.179399757,37.567866957],[127.179422063,37.567738025],[127.17945274,37.567560641],[127.179475617,37.566537253],[127.179569668,37.565707551],[127.179574414,37.565670176],[127.179604753,37.565563556],[127.1796502,37.56541145],[127.179759318,37.565050078],[127.181116489,37.562442081],[127.1815582,37.561749231],[127.181824644,37.561331946],[127.181969253,37.560941374],[127.181992535,37.560623709],[127.182021161,37.560218177],[127.181992676,37.559591659],[127.181986194,37.559451824],[127.181984239,37.559413619],[127.181934367,37.559151876],[127.181878325,37.558857875],[127.18184764,37.55873053],[127.181829193,37.558653964],[127.18171353,37.558173528],[127.181648732,37.557894339],[127.181584279,37.557616593],[127.181369779,37.553149803],[127.18137825,37.553021581],[127.181389442,37.552852409],[127.182825609,37.546563687],[127.183365651,37.546015309],[127.1835519,37.54582647],[127.180909018,37.545881353],[127.180612315,37.54609803],[127.180131135,37.546443749],[127.179766479,37.546510363],[127.179253579,37.546603667],[127.179046354,37.546641358],[127.178842669,37.546579647],[127.177631724,37.54621274],[127.17689283,37.545855812],[127.175590597,37.545214532],[127.174652422,37.54521634],[127.174387095,37.545216853],[127.174245133,37.545322371],[127.174127196,37.545411126],[127.173974689,37.545525556],[127.168599027,37.545189483],[127.164109871,37.544864705],[127.163193045,37.545018686],[127.160402106,37.541597807],[127.159660202,37.540999793],[127.158677158,37.540148654],[127.157563252,37.539034606],[127.156993757,37.538366878],[127.157002921,37.538170192],[127.157008669,37.53804694],[127.156987218,37.537940968],[127.156870589,37.537764864],[127.156731379,37.537576302],[127.154556902,37.534925605],[127.15440627,37.534761793],[127.153852253,37.534172035],[127.15355242,37.533996518],[127.153571843,37.531020969],[127.153514905,37.530330137],[127.153264863,37.529331221],[127.15311249,37.529091842],[127.152655877,37.528558698],[127.15243198,37.528333827],[127.152216416,37.52814278],[127.151938099,37.527909861],[127.150819197,37.526971399],[127.149800442,37.526101952],[127.149658712,37.525959595],[127.149582193,37.525882725],[127.149427758,37.525630968],[127.149056286,37.524600108],[127.148972038,37.524361701],[127.148952269,37.524305731],[127.148976877,37.524186374],[127.148540617,37.523249917],[127.148517781,37.523201365],[127.148437664,37.523031031],[127.147763459,37.522169333],[127.147421563,37.522066928],[127.146528471,37.522018064],[127.146350898,37.522011214],[127.145800088,37.521989968],[127.145639872,37.52161993],[127.145241496,37.520657958],[127.145078333,37.520263952],[127.144731539,37.519416759],[127.144837842,37.518030112]]]},"properties":{"SIG_CD":"11740","SIG_KOR_NM":"강동구","SIG_ENG_NM":"Gangdong-gu","ESRI_PK":12,"SHAPE_AREA":0.002517731,"SHAPE_LEN":0.236519778}}
]}